ASV_ID,Sequence,Length
ASV1,ATTTGCCAGCACCTGCGGTAATTCCAGCTCCAATAGCGTATATTTAAGTTGCTGCAGTTAAAAAGCTCGTAGTTGGATTTCGGGTGGGTCCTGCCGGTCCGCCGTTTCGGTGTGCACTTGTGGGTCCCACCTTGTTGCCGGGGACGTGTTCCTGGGCTTTACTGTCCGGGACACGGAGTCGGCGAGGTTACTTTGAGTAAATTAGAGTGTTCAAAGCAGGCCTACGCTCTGAATACATTAGCATGGAATAACACGATAGGACTCTGGCCTATCTTGTTGGTCTGTAGGACCGGAGTAATGATTAAGAGGGACAGTCGGGGGCATTCGTATTTCATTGTCAGAGGTGAAATTCTTGGATTTATGAAAGACGAACTACTGCGAAAGCATTTGCCAAGGATGTTTTCATTAATCAAGAACGAAAGT,423
ASV2,GGGGGCCAGCACCTGCGGTAATTCCAGCTCCAATAGCGTATATTTAAGTTGTTGCAGTTAAAAAGCTCGTAGTTGGATTTCGGGCGGGGCCTGCCGGTCCGCCTTTGGTGTGCACTGGCAGGGTCCGCCTTGCTGTCGGGGACGGGTTCCTGGGCTTTACTGTCTGGGACTCGGAGTCGACGTGGTTACTTTGAGTAAATTAGAGTGTTCAAAGCAGGCTTACGCTCTGAATACATTAGCATGGAATAACGCGATAGGACTCTGGCCTATCTTGTTGGTCTGTGGGACCGGAGTAATGATTAAGAGGGACAGTCGGGGGCATTCGTATTTCATTGTCAGAGGTGAAATTCTTGGATTTATGAAAGACGAACTACTGCGAAAGCATTTGCCAAGGATGTTTTCATTAATCAAGAACGAAAGT,421
ASV3,TGGGGCCAGCACCTGCGGTAATTCCAGCTCCAATAGCGTATATTAAAGTTGTTGCAGTTAAAATGTTCGTAGTCGACTTTAGTCCTTCCATCATAATGCCGTTTTAAACGCCTATTGTGTATGAGAGGAATACGGCAGGCGTGTACCATTTTTATGGTGGCGTCCTTCCATATTACTTTGAGTGAATCGTCGTGCTCCGCACAGGCCATCGCCTTGTACGATCTACCATAGGATAAACAGATTCTAAATGCGTCGATTTTTGTTTTCGGCGGCGTATTTTACAATGATAAGAACGGCTGAGGGTATTTATATTCAACTGCCAGAGGTGAAATTCTTTGATTAGTTGAGGATAAGCTATTGCGAAAGCATCTACCAAAGACGTTTCTTTTGATCAAGAACGAAAGT,405
ASV4,TGGGGCCAGCAGCTGCGGTAATTCCAGCTCCAATAGCGTATATTAAAGTTGTTGCGGTTAAAAAGCTCGTAGTTGGATTTCTGCCGAGGATGACCGGTCCGCCCTGTGGGTGTGCATCTGGCTCAGCCTTGGCATCTTCCTGAAGAACGTAGCTGCACTTGACTGTGTGGTGCGGTATTTAGGACATTTACTTTGAGGAAATTAGAGTGTTTCAAGCAAGCGCACGCTTTGAATACATTAGCATGGAATAATAAGATAGGACCTCGGTTCTATTTTGTTGGTTTCTAGAGCTGAGGTAATGATTGATAGGGATAGTTGGGGGCATTCGTATTTAACTGTCAGAGGTGAAATTCTTGGATTTGTTAAAGACGGACTACTGCGAAAGCATTTGCCAAGGATGTTTTCATTGATCAAGAACGAAAGT,424
ASV5,AAGGTCCAGCAGCCGCGGTAATTCCAGCTCCAGTAGCGTATATTAAAGTTGTTGCAGTTAAAAAGCTCGTAGTTGGATTTCTGGCTGACCGCGTATGGTCCGACGCCCTCAGGGTGTTGTGTACCGTCGCGCGTTTGCCATCCTTCCGGAAAGCTGTGCCTACCGTCTCGCACGGAAGGGCGCTGCGATCTGGATCGTTTACTTTGAAAAAATTAGAGTGTTCCAAGCAAGCATCTGCTTGAATACATTAGCATGGAATAATAATATAGGACTTCTGTTCTATTTTGTTGGTTTCTAGAACCGAAGTAATGATTGATAGGGATCGTTGGGGGTGCTAGTATTCAGCGGCCAGAGGTGAAATTCTTGGATTCGCTGAAGACTAACTACTGCGAAAGCATTCACCAAGGAGGTCTTCTTTAATCAAGAACGAAAGT,434
ASV6,TGGTGCCAGCACCTGCGGTAATTCCAGCTCCAATAGCGTATATTAAAGTTGTTGCGGTTAAAAAGCTCGTAGTTGGATTTCTGCTGAGGACGACCGGTCCGCCCTCTGGGTGAGCATCTGGCTCGGCCTTGGCATCTTCTTGGAGAACGTTACTGCACTTGATTGTGTGGTGCGGTATCCAGGACTTTTACTTTGAGGAAATTAGAGTGTTTCAAGCAGGCGCACGCCTTGAATACATTAGCATGGAATAATAAGATAGGACCTTGGTTCTATTTTGTTGGTTTCTAGAGCTGAGGTAATGATTAATAGGGATAGTTGGGGGCATTCGTATTTAACTGTCAGAGGTGAAATTCTTGGATTTGTTAAAGACGGACTACTGCGAAAGCATTTGCCAAGGATGTTTTCATTGATCAAGAACGAAAGT,424
ASV7,GGGGGCCAGCAGCCGCGGTAATTCCAGCTCCAGTAGCGTATATTAAAGTTGTTGCAGTTAAAAAGCTCGTAGTTGGATTTCTGGCTGACCGTTGTATGGTCCGGAGCCCTCAGGGTTCTGTGTACCGTCGCGCGTTTGCCATCCTTCCGGAAAGTTGTGCCTACCGTCTTGCACGGAAGGGCGCTGCGATCTGGTTCTTTTACTTTGAAAAAATTAGAGTGTTCCAAGCAAGCATCTGCTTGAATACATTAGCATGGAATAATAATATAGGACTTCTGTTCTATTTTGTTGGTTTCTAGAACCGAAGTAATGATTGATAGGGATCGTTGGGGGTGCTAGTATTCAGCGGCCAGAGGTGAAATTCTTGGATTCGCTGAAGACTAACTACTGCGAAAGCATTCACCAAGGAGGTCTTCTTTAATCAAGAACGAAAGT,435
ASV8,GTGAGCCAGCAGCCGCGGTAATTCCAGCTCCAATAGCGTATATTAAAGTTGTTGCAGTTAAAATGTTCGTAGTCGACTTTAGTCCTTCCATCATAATGCCGTTTTAAACGCCTATTGTGTATGAGAGGAATACGGCAGGCGTGTACCATTTTTATGGTGGCGTCCTTCCATATTACTTTGAGTGAATCGTCGTGCTCCGCACAGGCCATCGCCTTGTACGATCTACCATAGGATAAACAGATTCTAAATGCGTCGATTTTTGTTTTCGGCGGCGTATTTTACAATGATAAGAACGGCTGAGGGTATTTATATTCAACTGCCAGAGGTGAAATTCTTTGATTAGTTGAGGATAAGCTATTGCGAAAGCATCTACCAAAGACGTTTCTTTTGATCAAGAACGAAAGT,405
ASV9,TTTTTCCAGCACCTGCGGTAATTCCAGCTCCAAGAGCGTATATTAAAGTTGTTGCAGTTAAAAAGCTCGTAGTTGGATTTCTGGTTCAACGCGCCTGGCCCGCTTTATGTGAGTGCCGGTGCGCGTTTGCCATCCTTCTAGAAAACGTTTCTACCTGGGCAACTGGGCCGGACTCGCGATCTAGATCTTTTACTTTGAAAAAATTAGAGTGTTTAAAGCAGGCTTTTGCTGTGAATACATTAGCATGGAATAATAATCTAGGACTTCGGTTCTATTTTGTTGGTTTCTAGTACTGAAGTAATGATTGATAGGGATAGTTGGGGGTGCTAGTATTGGCCGGCCAGAGGTGAAATTCTTGGATTCGGTCAAGACTAACTTATGCGAAAGCATTCACCAAGGATGTCTTCTTTAATCAAGAACGAAAGT,426
ASV10,ATGACCCAGCAGCCGCGGTAATTCCAGCTCCAAGAGCGTATATTAAAGTTGTTGCAGTTAAAAAGCTCGTAGTTGGATTTCTGGTACAATGCGCCTGGCCCGCGGCAGTAATGCCTGTGAGTGCCGGTGCGCGTTGTCCATCCTTCTAGAAAACGTCTCTACCGTTAACTCGGCCGGATTCGCGATCTAGATCTTTTACTTTGAAAAAATTAGAGTGTTCAAAGCAGGCTTATGCTGTGAATACATTAGCATGGAATAATAATCTAGGACTTCGGTTCTATTTTGTTGGTTTCTAGAATTGAAGTAATGATTGATAGGGATAGTTGGGGGTGCTAGTATTGGCCGGCCAGAGGTGAAATTCTTGGATTCGGTCAAGACTAACTTATGCGAAAGCATTCACCAAGGATGTCTTCTTTAATCAAGAACGAAAGT,432
ASV11,GGCGGCCAGCAGCTGCGGTAATTCCAGCTCCAATAGCGTATATTAATGTTGTTGCAGTTAAAAAGCTCGTAGTTGAATTTCTGGAGTTAATTATCAATCCGAAGCCCTCGTGGTTTTGCGTATTGTTTAAATTTAATCTCCATCTTAGTAGTGAGTGTAACTGGCATTAGGTTGTCGGGTGCAGGAGCTGCTTCGTTTACTGTGAATAAAATAGAGTGTTTAAAGCAGGCATTACGCCTTGAATACTTCAGCATGGAATAAAATTATAGGACTTTGGTGCTATTTTATTGGTTTGCACACCGAGTAATGATTAATAGGGACAGTTGGGGGTATTCATATTTGATTGTCAGAGGTGAAATTCTTGGATTTATGAAAGATGAACTTATGCGAAAGCATTTACCAAGGATGTTTTCATTAATCAAGAACGAAAGT,432
ASV12,GTTGTCCAGCAGCTGCGGTAATTCCAGCTCCAATAGCGTATATTAAAGTTGTTGCGGTTAAAAAGCTCGTAGTTGGATTTCTGCTGAGGACGACCGGTCCGCCCTCTGGGTGAGTATCTGGCTCGGCCTGGGCATCTTCTTGGAGAACGTAGCTGCACTTGACTGTGTGGTGCGGTATCCAGGACTTTTACTTTGAGGAAATTAGAGTGTTTCAAGCAGGCACACGCCTTGAATACATTAGCATGGAATAATAAGATAGGACCTTGGTTCTATTTTGTTGGTTTCTAGAGCTGAGGTAATGATTAATAGGGATAGTTGGGGGCATTCGTATTTAACTGTCAGAGGTGAAATTCTTGGATTTGTTAAAGACGGACTACTGCGAAAGCATTTGCCAAGGATGTTTTCATTGATCAAGAACGAAAGT,424
ASV13,GTGTGCCAGCAGCCGCGGTAATTCCAGCTCCAATAGCGTATATTAAAGTTGTTGCGGTTAAAAAGCTCGTAGTTGGATTTCTGCTGAGGATGACCGGTCCGCCCCGTGGGTGTGCATCTGGCTCAGCCTTGGCATCTTCCTGAAGAACGTAGCTGCACTTGACTGTGTGGTGCGGTATTTAGGACATTTACTTTGAGGAAATTAGAGTGTTTCAAGCAAGCGCACGCTTTGAATACATTAGCATGGAATAATAAGATAGGACCTCGGTTCTATTTTGTTGGTTTCTAGAGCTGAGGTAATGATTGATAGGGATAGTTGGGGGCATTCGTATTTAACTGTCAGAGGTGAAATTCTTGGATTTGTTAAAGACGGACTACTGCGAAAGCATTTGCCAAGGATGTTTTCATTGATCAAGAACGAAAGT,424
ASV14,TTTTCCCAGCACCTGCGGTAATTCCAGCTCCAATAGCGTATATTTAAGTTGTTGCAGTTAAAAAGCTCGTAGTTGGATTTCGGGCGGGGCCTGCCGGTCCGCCTTTCGGTGTGCACTGGCAGGGTCCGCCTTGCTGCCGGGGACGGGTTCCTGGGCTTCACTGTCTGGGACTCGGAGTCGGCGTGGTTACTTTGAGTAAATTAGAGTGTTCAAAGCAGGCCTACGCTCTGAATACATTAGCATGGAATAACGCGATAGGACTCTGGCCTATCTTGTTGGTCTGTGGGACCGGAGTAATGATTAAGAGGGACAGTCGGGGGCATTCGTATTTCATTGTCAGAGGTGAAATTCTTGGATTTATGAAAGACGAACTACTGCGAAAGCATTTGCCAAGGATGTTTTCATTAATCAAGAACGAAAGT,422
ASV15,TGGGGCCAGCAGCTGCGGTAATTCCAGCTCCAATAGCGTATATTTAAGTTGTTGCAGTTAAAAAGCTCGTAGTTGGATTTCGGGCGGGGCCTGCCGGTCCGCCTTTCGGTGTGCACTGGCAGGGTCCGCCTTGCTGCCGGGGACGGGTTCCTGGGCTTCACTGTCTGGGACTCGGAGTCGGCGTGGTTACTTTGAGTAAATTAGAGTGTTCAAAGCAGGCCTACGCTCTGAATACATTAGCATGGAATAACGCGATAGGACTCTGGCCTATCTTGTTGGTCTGTGGGACCGGAGTAATGATTAAGAGGGACAGTCGGGGGCATTCGTATTTCATTGTCAGAGGTGAAATTCTTGGATTTATGAAAGACGAACTACTGCGAAAGCATTTGCCAAGGATGTTTTCATTAATCAAGAACGAAAGT,422
ASV16,GGTGGCCAGCAGCCGCGGTAATTCCAGCTCCAATAGCGTATATTTAAGTTGTTGCAGTTAAAAAGCTCGTAGTTGGATTTCGGGCGGGGCCTGCCGGTCCGCCTTTCGGTGTGCACTGGCAGGGTCCGCCTTGCTGCCGGGGACGGGTTCCTGGGCTTCACTGTCTGGGACTCGGAGTCGGCGTGGTTACTTTGAGTAAATTAGAGTGTTCAAAGCAGGCCTACGCTCTGAATACATTAGCATGGAATAACGCGATAGGACTCTGGCCTATCTTGTTGGTCTGTGGGACCGGAGTAATGATTAAGAGGGACAGTCGGGGGCATTCGTATTTCATTGTCAGAGGTGAAATTCTTGGATTTATGAAAGACGAACTACTGCGAAAGCATTTGCCAAGGATGTTTTCATTAATCAAGAACGAAAGT,422
ASV17,GGGGGCCAGCACCTGCGGTAATTCCAGCTCCAATAGCGTATATTAAAGTTGTTGCGGTTAAAAAGCTCGTAGTTGGATTTCTGCTGAGGATGACCGGTCCGCCCCGTGGGTGTGCATCTGGCTCAGCCTTGGCATCTTCCTGAAGAACGTAGCTGCACTTGACTGTGTGGTGCGGTATTTAGGACATTTACTTTGAGGAAATTAGAGTGTTTCAAGCAAGCGCACGCTTTGAATACATTAGCATGGAATAATAAGATAGGACCTCGGTTCTATTTTGTTGGTTTCTAGAGCTGAGGTAATGATTGATAGGGATAGTTGGGGGCATTCGTATTTAACTGTCAGAGGTGAAATTCTTGGATTTGTTAAAGACGGACTACTGCGAAAGCATTTGCCAAGGATGTTTTCATTGATCAAGAACGAAAGT,424
ASV18,GAGGTCCAGCAGCTGCGGTAATTCCAGCTCCAATAGCGTATATTAAAATTGTTGCGGTTAAAACGCTCGTAGTTGGATATCTGCCAAGGGGTTCCGGTCCTCCCCAGTGGAGAATACACGGAACTCTTCTTGGCATTTGTTCAGGGAAGGTGTTTGCACTTTATTGTGTGTCACATGATCTGAATTTTTACTTTGAGGAAATAAGAGTGTTTCAAGCAGGCTTTTGCCGTGAATATGATAGCATGGAATAATAGCACAGGACCCCTTTCCAAAGCTGTTGGTTTTTGGAACGAGGTAATCAAAATAAGGATAGTTGGGGGTATTCGTATTTAACTGTCAGAGGTGAAATTCTTGGATTTTTTAAAGACGAACTATTGCGAAGGCATCTGCCCAGGATGTTTTTGTTGATCAAGAACGAAAGT,422
ASV19,GAGGGCCAGCACCCGCGGTAATTCCAGCTCCAATAGCGTATATTAAAGTTGTTGCGGTTAAAAAGCTCGTAGTTGGATTTCTGCCGAGGATGACCGGTCCGCCCTGTGGGTGTGCATCTGGCTCAGCCTTGGCATCTTCCTGAAGAACGTAGCTGCACTTGACTGTGTGGTGCGGTATTTAGGACATTTACTTTGAGGAAATTAGAGTGTTTCAAGCAAGCGCACGCTTTGAATACATTAGCATGGAATAATAAGATAGGACCTCGGTTCTATTTTGTTGGTTTCTAGAGCTGAGGTAATGATTGATAGGGATAGTTGGGGGCATTCGTATTTAACTGTCAGAGGTGAAATTCTTGGATTTGTTAAAGACGGACTACTGCGAAAGCATTTGCCAAGGATGTTTTCATTGATCAAGAACGAAAGT,424
ASV20,GAGTGCCAGCAGCCGCGGTAATTCCAGCTCTGATAGCTTGCATGAAAGTTGTTGCAGTTAAAAAGCTCGTAGTTGAATCGATGCGTTCTTACTTATGCTCTCAACAGAGCGTAGTGGGACGCCAACTTCCTCACGGAGGTTGCTGTTACTTTGAGAAAATTTGAGTGTTTCAGGCGGGTTGTTGCTGAAATAGTGTACCATGGAATGACCTAGTGGCTGCTTCTCTTTTTCTTTGGTTTAAGAGCAAGCAGTGCGTGATTGAAAGGAGCAGTTGGGGGCACTCGTACTGAACAGCTAGAGGTGAAATTCTTAGATTTGTTCAAGACGAACCAATGCGAAAGCATCTGCCTGGGATGTTTTCATTAATCAAGAACGAAAGT,380
ASV21,GGGGGCCAGCAGCTGCGGTAATTCCAGCTCCAATAGCGTATATTAAAGTTGTTGCGGTTAAAAAGCTCGTAGTTGGATCTGCGGCCTCGCGTTCTGGTGCCCTAAACGGTGTCACTAGTATCGCAGGCCTACCTCGCTGGTTTTCCCTTGGTCCTCTTCACTGAGTGCCATTGGTGACTAGCAAATTTACTTTGAAAAAATTAGAGTGCTCAAAGCAGGCGCGTAGCCTGAATAGTGGTGCATGGAATAATGGAATAGGACCTTGGTTCTATTTTGTTGGTTTTCGGAGCTCGAGGTAATGATTAAGAGGGACAGACGGGGGCATTCGTATTGCTACGCTAGAGGTGAAATTCTTGGATCGTAGCAAGACGGACAACTGCGAAAGCATTTGCCAAGAATGTTTTCATTAATCAAGAACGAAAGT,424
ASV22,GGGGTCCAGCAGCTGCGGTAATTCCAGCTCCAATAGCGTATATTTAAGTTGCTGCAGTTAAAAAGCTCGTAGTCGGTTTTCGGGCGGGTTGCGCCGGTCTGCCTTTGGTATGCACTGGCGTGACCCGCTTTTCTGTCGGGGACGTGCTGCTGGGCTTCACTGTCCGGCACACGGAGTCGACGCTGTTACCTTGAGTAAATTGGAGTGTTCAAAGCAGGCATACGCTCTGAACATATTAGCATGGAATAACGATATAGGACTCTGGCCTATTCGTTGGTCTGTGGGACCGGAGTAACGACCAATGGGGGCAGTCGGGGGCATTCGTATTTCGTTGTCAGAGGTGAAATTCTTGGATTTACGAAAGACGAACTGCTGCGAAAGCGTTTGCCAAGGATGCTTTCGTCGATCAAGAACGAAAGT,420
ASV23,TGTTGCCAGCACCTGCGGTAATTCCAGCTCCAATAGCGTATATTAAAGTTGTTGCGGTTAAAAAGCTCGTAGTTGGATTTCTGCCGAGGATGACCGGTCCGCCCTGTGGGTGTGCATCTGGCTCAGCCTTGGCATCTTCCTGAAGAACGTAGCTGCACTTGACTGTGTGGTGCGGTATTTAGGACATTTACTTTGAGGAAATTAGAGTGTTTCAAGCAAGCGCACGCTTTGAATACATTAGCATGGAATAATAAGATAGGACCTCGGTTCTATTTTGTTGGTTTCTAGAGCTGAGGTAATGATTGATAGGGATAGTTGGGGGCATTCGTATTTAACTGTCAGAGGTGAAATTCTTGGATTTGTTAAAGACGGACTACTGCGAAAGCATTTGCCAAGGATGTTTTCATTGATCAAGAACGAAAGT,424
ASV24,GTGTGCCAGCAGCCGCGGTAATTCCAGCTCCAATAGCGTATATTTAAGTTGCTGCAGTTAAAAAGCTCGTAGTTGGATTTCGGGTGGGGCCTGCCGGTCCGCCGTTTCGGTGTGCACTGGCCGGGCCCACCTTGTTGCCGGGGACGGGCTCCTGGGCTTTATTGTCCGGGACTCGGAGTCGGCGAGGTTACTTTGAGTAAATTAGAGTGTTCAAAGCAGGCCACCGCTCTGAATACATTAGCATGGAATAACACGATAGGACTCTGGCCTATCTTGTTGGTCTGTAGGACCGGAGTAATGATTAAGAGGGACAGTCGGGGGCATTCGTATTTCATTGTCAGAGGTGAAATTCTTGGATTTATGAAAGACGAACTACTGCGAAAGCATTTGCCAAGGATGTTTTCATTAATCAAGAACGAAAGT,423
ASV25,TTTTTCCAGCAGCTGCGGTAATTCCAGCTCCAATAGCGTATATTAAAGTTGTTGCGGTTAAAAAGCTCGTAGTTGGATTTCTGCTTAGGGTGGCTGGTCCGCCCTCTGGGTGAGTATCTGGCACAGCCTGAGCATTCTTCTTGAAAGCACAACTGCACTTGACTGTGTGGTGTGGTATTGAGAACCTTTACTTTGAGGAAATCAGAGTGTTTCAAGCAGGCGTTCGCCTTGAATACATTAGCATGGAATAATATTATAGGGCCTTGGTTCTATTTTGTTGGTTTCTAGAACTGAGGTAATGATTAATAGGGATAGTTGGGGGCATTCGTATTTAATTGTCAGAGGTGAAATTCTTGGATTTGTTAAAGACGGACTACTGCGAAAGCATTTGCCAAGGATGTTTTCATTGATCAAGAACGAAAGT,424
ASV26,GGGGGCCAGCACCTGCGGTAATTCCAGCTCCAATAGCGTATATTTAAGTTGCTGCAGTTAAAAAGCTCGTAGTTGGATTTCGGGTGGGGCCTGCCGGTCCGCCGTTTCGGTGTGCACTGGCCGGGCCCACCTTGTTGCCGGGGACGGGCTCCTGGGCTTTATTGTCCGGGACTCGGAGTCGGCGAGGTTACTTTGAGTAAATTAGAGTGTTCAAAGCAGGCCACCGCTCTGAATACATTAGCATGGAATAACACGATAGGACTCTGGCCTATCTTGTTGGTCTGTAGGACCGGAGTAATGATTAAGAGGGACAGTCGGGGGCATTCGTATTTCATTGTCAGAGGTGAAATTCTTGGATTTATGAAAGACGAACTACTGCGAAAGCATTTGCCAAGGATGTTTTCATTAATCAAGAACGAAAGT,423
ASV27,CGTTGCCAGCAGCCGCGGTAATTCCAGCTCCAAGAGCATATATTAAAGTTGTTGCAGTTAAAAAGCTCGTAGTTGGATTTCTGGTATAATGCGCCTGGCCCGCGGCTTTTTAAGCCTGTGAGTGCCGGTTGTGCGTTTGCCATCCTTCTAGAAAACGTTTCTACCCTTCACTGGGCCGGACTCGCGATCTAGATCTTTTACTTTGAAAAAATTAGAGTGTTTAAAGCAGGCTTTTGCTATGAATACATTAGCATGGAATAATAATCTAGGACTTCGGTTCTATTTTGTTGGTTTCTAGTACTGAAGTAATGATTGATAGGGATAGTTGGGGGTGCTAGTATTGGCCGGCCAGAGGTGAAATTCTTGGATTCGGTCAAGACTAACTTATGCGAAAGCATTCACCAAGGATGTCTTCTTTAATCAAGAACGAAAGT,434
ASV28,ATTGGCCAGCACCTGCGGTAATTCCAGCTCCAATAGCGTATATTTAAGTTGCTGCAGTTAAAAAGCTCGTAGTCGGTTTTCGGGCGGGTTGCGCCGGTCTGCCTTTGGTATGCACTGGCGTGACCCGCTTTTCTGTCGGGGACGTGCTGCTGGGCTTCACTGTCCGGCACACGGAGTCGACGCTGTTACCTTGAGTAAATTGGAGTGTTCAAAGCAGGCATACGCTCTGAACATATTAGCATGGAATAACGATATAGGACTCTGGCCTATTCGTTGGTCTGTGGGACCGGAGTAACGACCAATGGGGGCAGTCGGGGGCATTCGTATTTCGTTGTCAGAGGTGAAATTCTTGGATTTACGAAAGACGAACTGCTGCGAAAGCGTTTGCCAAGGATGCTTTCGTCGATCAAGAACGAAAGT,420
ASV29,CGGGGCCAGCAGCTGCGGTAATTCCAGCTCCAATAGCGTATATTAAAGTTGTTGCAGTTAAAAAGCTCGTAGTTGGATTTCTGGTCTGATGCCCTGGCCCGCGTCTTATAGATGTGTGTGCCGGCTGTGCGTCTGCCATCCTTCTAGTAACCCTTCCTACCCTTCACTGGGCCGGGTTGGCGATCTAGATCTTTTACTTTGAAAAAATTAGAGTGTTTAAAGCAGGCTTTTGCTATGAATACATTAGCATGGAATAATAATCTAGGACTTCGGTTCTATTTTGTTGGTTTCTAGTACTGAAGTAATGATTGATAGGGATAGTTGGGGGTGCTAGTATTGAGCGGCCAGAGGTGAAATTCTTGGATTCGCTCAAGACTAACTTATGCGAAAGCATTCACCAAGGATGTCTTCTTTAATCAAGAACGAAAGT,430
ASV30,AATGACCAGCACCTGCGGTAATTCCAGCTCCATTGGTGTATACCAATGCTGTTGTGGTTAAAAAGCTCGTAGTTGGATCTGTCGCTTCAGACGCTGGTAACCCTTGTGGTTCTACTGGTTGTCTGGGCGTTTTTAGCTGGTTTTCTTTAGATGCTCTTCAACGGGTGTCTAGAGTGGCTGGCAATTTTACTTTGAAAAAATTAAAGTGCTCAAAGCAGGCGCTTAGCCTGAATAATGTTGCATGGAATAATGAAATAGGACCTCGGTTCTATTTTGTTGGTTTTCGGAACCAAGGTAATGATTAAGAGGGACAGACGGGGGCATTCGTATTGCGGCGTTAGAGGTGAAATTCTTGGATCGCCGCAAGACGAACAAGTGCGAAGGCATTTGCCAAGAATGTTTTCATTAATCAAGAACGAAAGT,423
ASV31,TATGTCCAGCAGCTGCGGTAATTCCAGCTCCAATAGCGTATATTTAAGTTGCTGCAGTTAAAAAGCTCGTAGTTGGATTTCGGGTGGGGCCTGCCGGTCCGCCGTTTCGGTGTGCACTGGCCGGGCCCACCTTGTTGCCGGGGACGGGCTCCTGGGCTTTATTGTCCGGGACTCGGAGTCGGCGAGGTTACTTTGAGTAAATTAGAGTGTTCAAAGCAGGCCACCGCTCTGAATACATTAGCATGGAATAACACGATAGGACTCTGGCCTATCTTGTTGGTCTGTAGGACCGGAGTAATGATTAAGAGGGACAGTCGGGGGCATTCGTATTTCATTGTCAGAGGTGAAATTCTTGGATTTATGAAAGACGAACTACTGCGAAAGCATTTGCCAAGGATGTTTTCATTAATCAAGAACGAAAGT,423
ASV32,TGTGTCCAGCAGCCGCGGTAATTCCAGCTCCAATAGCGTATATTAAAGTTGTTGCGGTTAAAAAGCTCGTAGTTGGATTTCTGCCGAGGATGACCGGTCCGCCCTGTGGGTGTGCATCTGGCTCAGCCTTGGCATCTTCCTGAAGAACGTAGCTGCACTTGACTGTGTGGTGCGGTATTTAGGACATTTACTTTGAGGAAATTAGAGTGTTTCAAGCAAGCGCACGCTTTGAATACATTAGCATGGAATAATAAGATAGGACCTCGGTTCTATTTTGTTGGTTTCTAGAGCTGAGGTAATGATTGATAGGGATAGTTGGGGGCATTCGTATTTAACTGTCAGAGGTGAAATTCTTGGATTTGTTAAAGACGGACTACTGCGAAAGCATTTGCCAAGGATGTTTTCATTGATCAAGAACGAAAGT,424
ASV33,GTGAACCAGCACCTGCGGTAATTCCAGCTCCAATAGCGTATATTAAAGTTGTTGCGGTTAAAAAGCTCGTAGTTGGATTTCTGCCGAGGATGACCGGTCCGCCCTGTGGGTGTGCATCTGGCTCAGCCTTGGCATCTTCCTGAAGAACGTAGCTGCACTTGACTGTGTGGTGCGGTATTTAGGACATTTACTTTGAGGAAATTAGAGTGTTTCAAGCAAGCGCACGCTTTGAATACATTAGCATGGAATAATAAGATAGGACCTCGGTTCTATTTTGTTGGTTTCTAGAGCTGAGGTAATGATTGATAGGGATAGTTGGGGGCATTCGTATTTAACTGTCAGAGGTGAAATTCTTGGATTTGTTAAAGACGGACTACTGCGAAAGCATTTGCCAAGGATGTTTTCATTGATCAAGAACGAAAGT,424
ASV34,GGGGGCCAGCAGCCGCGGTAATTCCAGCTCCAAGAGCGTATATTAAAGTTGTTGCAGTTAAAAAGCTCGTAGTTGGATTTCTGGTACAATGCGCCTGACCCGCGGCAGTAATGCCTGTGAGTGTCGGTGCGCGTTTACCATCCTTCTAGAAAACGTTTCTACCCTTTACTGGGCCGGACTCGCGATCTAGATCTTTTACTTTGAAAAAATTAGAGTGTTCAAAGCAGGCTTTCGCTGTGAATACATTAGCATGGAATAATAATCTAGGACTTCGGTTTTATTTTGTTGGTTTCTAACACTGAAGTAATGATTGATAGGGATAGTTGGGGGTGCTAGTATTGGCCGGCCAGAGGTGAAATTCTTGGATTCGGTCAAGACTAACTTATGCGAAAGCATTCACCAAGGATGTCTTCTTTAATCAAGAACGAAAGT,432
ASV35,GTTTTCCAGCACCCGCGGTAATTCCAGCTCCAATAGCGTATATTTAAGTTGCTGCAGTTAAAAAGCTCGTAGTTGGATTTCGGGTGGGGCCTGCCGGTCCGCCGTTTCGGTGTGCACTGGCCGGGCCCACCTTGTTGCCGGGGACGGGCTCCTGGGCTTTATTGTCCGGGACTCGGAGTCGGCGAGGTTACTTTGAGTAAATTAGAGTGTTCAAAGCAGGCCACCGCTCTGAATACATTAGCATGGAATAACACGATAGGACTCTGGCCTATCTTGTTGGTCTGTAGGACCGGAGTAATGATTAAGAGGGACAGTCGGGGGCATTCGTATTTCATTGTCAGAGGTGAAATTCTTGGATTTATGAAAGACGAACTACTGCGAAAGCATTTGCCAAGGATGTTTTCATTAATCAAGAACGAAAGT,423
ASV36,TAGTACCAGCAGCCGCGGTAATTCCAGCTCCAATAGCGTATATTTAAGTTGTTGCAGTTAAAAAGCTCGTAGTTGGATTTCGGGCGGGGCCTGCCGGTCCGCCTTTCGGTGTGCACTGGCAGGGTCCGCCTTGCTGCCGGGGACGGGTTCCTGGGCTTCACTGTCTGGGACTCGGAGTCGGCGTGGTTACTTTGAGTAAATTAGAGTGTTCAAAGCAGGCCTACGCTCTGAATACATTAGCATGGAATAACGCGATAGGACTCTGGCCTATCTTGTTGGTCTGTGGGACCGGAGTAATGATTAAGAGGGACAGTCGGGGGCATTCGTATTTCATTGTCAGAGGTGAAATTCTTGGATTTATGAAAGACGAACTACTGCGAAAGCATTTGCCAAGGATGTTTTCATTAATCAAGAACGAAAGT,422
ASV37,TGGTCCCAGCACCTGCGGTAATTCCAGCTCCAATAGCGTATATTTAAGTTGCTGCAGTTAAAAAGCTCGTAGTTGGATTTCGGGTGGGGCCTGCCGGTCCGCCGTTTCGGTGTGCACTGGCCGGGCCCACCTTGTTGCCGGGGACGGGCTCCTGGGCTTTATTGTCCGGGACTCGGAGTCGGCGAGGTTACTTTGAGTAAATTAGAGTGTTCAAAGCAGGCCACCGCTCTGAATACATTAGCATGGAATAACACGATAGGACTCTGGCCTATCTTGTTGGTCTGTAGGACCGGAGTAATGATTAAGAGGGACAGTCGGGGGCATTCGTATTTCATTGTCAGAGGTGAAATTCTTGGATTTATGAAAGACGAACTACTGCGAAAGCATTTGCCAAGGATGTTTTCATTAATCAAGAACGAAAGT,423
ASV38,CAGGACCAGCACCTGCGGTAATTCCAGCTCCAGTAGCGTATATTAAAGTTGTTGCAGTTAAAAAGTTCGTAGTCGATTTCTTTCTGCTCAGGCATGTGGCACCTACGGTGTTTCATATTCTTTCAGCAGATAGTGTGCATCTCCTGACGTGTTATGCGGAAGGCTTGGTGCATCGTACTTTGAGTGAATCGGCGTGTTCCACGCAGGCGATAGCCCGAACGATTTACCATAGTATAACCAGAGTATGATTGTGTCTCATCGTTAGTTCGGGGGCACTTTCGATACTGATGAGAACGGTTGAGGGCATTCGTATTCAACTGCCAGAGGTGAAATTCTTTGATTAGTTGAGGACGAGCTACTGCGAAAGCATCTGCCAGGGACGTTTCTTTTGATCAAGAACGAAAGT,406
ASV39,TATAGCCAGCACCCGCGGTAATTCCAGCTCCAATAGCGTATATTAAAGTTGTTGCAGTTAAAAAGCTCGTAGTTGGATTTCTGGTTTGAACGATCGGTCCGCTTATGACTTGTTCGTAAGTGTGTACTATGATTGTTTGGACCATTTTTTGTGAGGATATTTTTCTGTCATTAAGTTGATGGGTTAATGGACTTGCATCATTTACTGTGAAAAAATTAGAGTGTTTAAAGCAGGCTTTATAGCCAATTGAATACATTAGCATGGAATAATAAGATACGACTTTGGTGGTCTATTTTGTTGGTTTGCACACCAGAGTAATGATTAATAGGGACAGTTGGGGGTATTCATATTTCAGCGTCAGAGGTGAAATTCTTGGATCGCTGAAAGATGAGCTTAGGCGAAAGCATTTACCAAGGATGTTTTCATTAATCAAGAACGAAAGT,443
ASV40,TGTTGCCAGCACCCGCGGTAATTCCAGCTCCAATAGCGTATATTAAAGTTGTTGCAGTTAAAAAGCTCGTAGTTGGATGTTGTGGTTTGTTGATTTCGGTGCCTTTTGGTATCCGTGTCAACAGCTACTTTTTCCCGAGGCATATAGGTGTACTTAACCGTGTGTTTATATTGTTCGGGACTTTTACCGTGAGAAAATTAGAGTGTTCATAGCAGGCAAGTGCTTGAATATTACAGCATGGAATAATGGAATAGGATCATGATCTTATTTTGTTGGTTTCTAAGATCAAGATAATGATTAATAGGGATAGTTGGGGGCATTAATATTTAGTTGTCAGAGGTGAAATTCTTAGATTTACAAAAGATTAACTTCTGCGAAAGCATTTGCCAAGGATGTTTTCGTTAATCAAGAACGAAAGT,419
ASV41,AACTGCCAGCAGCTGCGGTAATTCCAGCTCCAATAGCGTATATTAAAGTTGTTGCGGTTAAAAAGCTCGTAGTTGGATTTCTGCTGGAAACGATCGGTCCGCCCTCTGGGTGAGTATCTGGTTCGGTTTCGGCATCATCTTGGAGATCACATCTGCACTTGACTGTGTGGAGTGGTATCTAAGACTTTTACTTTGAGGAAATTAGAGTGTTTCAAGCAAGCATATGCCTTGAATACATTAGCATGGAATAATAAGATAGGACCTTGGTTCTATTTTGTTGGTTTCTAGAACTGAGGTAATGATTGATAGGGACAGTTGGGGGCATTCGTATTTAACTGTCAGAGGTGAAATTCTTGGATTTGTTAAAGACGAACTACTGCGAAAGCATTTGCCAAGGATGTTTTCATTGATCAAGAACGAAAGT,424
ASV42,TCTATCCAGCAGCCGCGGTAATTCCAGCTCCAATAGCGTATATTAAAGTTGTTGCAGTTAAAATGTTCGTAGTCGACTTTTTTCCTTGCATCACGATAGCGTTTCAAACGTTTGTTGTGTATGAGAGGATTTAGGAAGGAATGCCATTCTTATGGTAGCATCTTCCATATTACTTTGAGTGAATCGTCGTGCTTCGCACAGGCTAGCGCCTTGTACGATCTACCATAGGATAAACAGATTCTAAATACGTCGTTTTTTGTTTTCGGCGGCGTATTTCATAGTGACAAGAACGGCTGAGGGTATTTATATTCAACTGCCAGAGGTGAAATTCTTTGATTAGTTGAGGATAAACTATTGCGAAAGCATCTACCAAAGACGTTTCTTTTGATCAAGAACGAAAGT,402
ASV43,TGGTCCCAGCAGCCGCGGTAATTCCAGCTCCAATAGCGTATATTAATGTTGTTGCAGTTAAAAAGCTCGTAGTTGGATTTCTGGTGGGAGCGGCCGGTCCGCCGTAAGGTGTGTACTTGGTTGTCTCCTGTCATCCTTGTGGGAACTGCTCTGGCATTAAGTTGTCGGGGTTAGGGAACACATCGTTTACTGTGAAAAAATTAGAGTGTTTAAAGCAGGCTTATGCCGTTGAATACATTAGCATGGAATAATAAGATAGGACTTTGGCGTCTATTTTGTTGGTTTGCACACCAAGGTAATGATTAATAGGGATAGTTGGGGGTATTCGTATTTAATTGTCAGAGGTGAAATTCTTGGATTTATGAAAGACGAACTTCTGCGAAAGCATTTACCAAAGATGTTTTCATTAATCAAGAACGAAAGT,424
ASV44,ATTTCCCAGCAGCTGCGGTAATTCCAGCTCCAATAGCGTATATTAAAGTTGTTGCGGTTAAAAAGCTCGTAGTTGGATTTCTGCCGAGGATGACCGGTCCGCCCTGTGGGTGTGCATCTGGCTCAGCCTTGGCATCTTCCTGAAGAACGTAGCTGCACTTGACTGTGTGGTGCGGTATTTAGGACATTTACTTTGAGGAAATTAGAGTGTTTCAAGCAAGCGCACGCTTTGAATACATTAGCATGGAATAATAAGATAGGACCTCGGTTCTATTTTGTTGGTTTCTAGAGCTGAGGTAATGATTGATAGGGATAGTTGGGGGCATTCGTATTTAACTGTCAGAGGTGAAATTCTTGGATTTGTTAAAGACGGACTACTGCGAAAGCATTTGCCAAGGATGTTTTCATTGATCAAGAACGAAAGT,424
ASV45,ATCGGCCAGCACCCGCGGTAATTCCAGCTCCAATAGCGTATATTAAAGTTGTTGCAGTTAAAAAGCTCGTAGTTGGATTTCTGGTAGGATGCGCCTGGCCCGCCTCGATTAGAGTGTGAGTGCCGGTGCGCGTTTGCCATCCTTCTAGGGAACGTTTCTACCCTTCACTGGGCCGGACTCGCGATCTAGATCTTTTACTTTGAAAAAATTAGAGTGTTTAAAGCAGGCTATTGTCTTTGAATAGATTAGCATGGAATAATGACTTAGGACTTCGGTTCTATTTTGTTGGTTTCTAGTACTGAAGTAATGATTGATAGGGATAGTTGGGGGTGCTCGTATTCAGCGGCCAGAGGTGAAATTCTTGGATTCGCTGAAGACGAACTTATGCGAAAGCATTCACCAAGGATGTCTTCTTTAATCAAGAACGAAAGT,432
ASV46,GGGGGCCAGCAGCCGCGGTAATTCCAGCTCCAGTAGCGTATATTAAAGTTGTTGCAGTTAAAAAGCTCGTAGTTGGATTTCTGGCAAGGCAGAGCTGACCTGGTACTATGTATCGTGTGTTGGACTCGGTCTGCCATCCTTCCAGAAACGCACTGTACCTTTCATTAGGCCGCGGTGTTGATCTGGAACTTTTACTTTGAAAAAATTAGAGTGTTCAAAGCAGGCGTTACGCTATGAATACATTAGCATGGAATAATAATCTAGGACTTCAGTTCTATTTTGTTGGTTTCTAGGACCGAAGTAATGATTGATAGGGATAGTTGGGGGTGCTAGTATTCAGCGGCCAGAGGTGAAATTCTTGGATTCGCTGAAGACTAACTTATGCGAAAGCATTCACCAAGGATGTCTTCTTTAATCAAGAACGAAAGT,429
ASV47,GTTTTCCAGCACCTGCGGTAATTCCAGCTCCAATAGCGTATATTAAAGTTGTTGCAGTTAAAAAGCTCGTAGTTGAATTTCTGTCTAGAACGACCGGTGCAGCCTTTGGTTGACTACTTGGTTTGATCTAGACATTTCTCCAGAGAACGTTACTGCACTTTATTGGGTGGTGCGGGATCTGGAACCTTTACTTTGAGAAAATTAGAGTGTTTCAAGCAAATTTACGTTTGAATACTGCAGCATGGAATAATATGATAAGACTTTGGTCTTATTTGTTGGTTTCTAAGACTGAAGTAATGATTGATAGGGACAGTTGGGGGCATTCGTATTTAATTGTCAGAGGTGAAATTCTTGGATTTATTAAAGACGAACTACTGCGAAAGCATTTGCCAGGGATGTTTTCATTAATCAAGAACGAAAGT,422
ASV48,ACAGCCCAGCACCTGCGGTAATTCCAGCTCCAATAGCGTATATTAATGTTGTTGCAGTTAAAAAGCTCGTAGTTGGATTTCTGGGTTCTTCGCTAGCTTTGGTCCGCAAGGGCTTCAGTGGGCTGTTTGAATCCATCCTCAGGGGGACTCATGCTGGTATTCATTTATCGGTGTGGGAACGCCTGTCGTTTACTGTGAACAAATTAGAGTGTTCAAAGCAAGGTGTACTTGAATACATTAGCATGGAATAATAAGATAGGACTTTGGTGGTTCTTTCGAGATATTTTGTTGGTTTGCACGCCAAAGTAATGATTAATAGGAGCAGTTGGGGGTATTCGTATTCAATTGTCAGAGGTGAAATTCTTGGATTTATAGAAGACGAACTACTGCGAAAGCATTTACCAAGGATGTTTTCATTAATCAAGAACGAAAGT,434
ASV49,AAGATCCAGCAGCTGCGGTAATTCCAGCCTTCACAAGCATATACAAATGCTGTTGCGTTTAAAAAGCTCGTAGTTGAATTTGTTGTGTACTGCTCTAAAATCATACAAAATTGTATGTAAGAGTAAGTAACCATCGTGTTGTCGAGTTTACTTGCGCTTAACTGTGATGAGTTTTTGAGATGTACGCTTTACTTTGAGAAAATTTGGGTGTTTAAAGCAGCCTTTGGGTGTGAATGCTGTAGCATGGAATAATAGAAAATGACTGTATACCCGTTTGGTTGGTCTTGGGTTATGTAGTAATGATTGAAAAGGACAGGCGGGGACATTCGAATTGTTGCGTTAGAGGTGAAATTCTTGGATCGCAGCAAGACGAACTAACGCGAAAGCATTTGTCAAGAATGTTTTTGTTAATCAAGAACGAAAGT,425
ASV50,TGTAGCCAGCAGCCGCGGTAATTCCAGCTCCAATAGCGTATATTTAAGTTGCTGCAGTTAAAAAGCTCGTAGTTGGATTTCGGGTGGGGCCTGCCGGTCCGCCGTTTCGGTGTGCACTGGCCGGGCCCACCTTGTTGCCGGGGACGGGCTCCTGGGCTTTATTGTCCGGGACTCGGAGTCGGCGAGGTTACTTTGAGTAAATTAGAGTGTTCAAAGCAGGCCACCGCTCTGAATACATTAGCATGGAATAACACGATAGGACTCTGGCCTATCTTGTTGGTCTGTAGGACCGGAGTAATGATTAAGAGGGACAGTCGGGGGCATTCGTATTTCATTGTCAGAGGTGAAATTCTTGGATTTATGAAAGACGAACTACTGCGAAAGCATTTGCCAAGGATGTTTTCATTAATCAAGAACGAAAGT,423
ASV51,CGTTCCCAGCACCCGCGGTAATTCCAGCTCCAATAACGTATGTTAAAGTTGTTGCAGTTAAAAAGCTCGTAGTTGTATTTCTGGGTGGTTTGGCGGCGAGCGCCGAACGGCGTGTCGACGCCGAGCCATCTTTTCGTCTATGGGCCGCGTCTGGTCTTTGTTGACTGTGGCGCGTCGCATAGGCCTTTTACTGTGAGAAAATTAGAGTGCTCAAGGCAAGCCAATGCGTTTGAATATTACAGCATGGGATAACAAAATACGACTTTCGTGCTATTTTGTTGGTTTCTAGAACGGAAGTAATGATTGATAGGGATGGTTGGGGGTGCTAGTATTTCGCGGCCAGAGGTGAAATTCATGGATTCGCGAAAGACTAACTAATGCGAAAGCATTCACCAAGGACGTTCCTTTTAATCAAGAACGAAAGT,425
ASV52,TGATGCCAGCACCTGCGGTAATTCCAGCTCCAATAGCGTATATTAAAGTTGTTGCAGTTAAAAAGCTCGTAGTTGGATTTCTGGCAGGAGTGACTGACCACAAACTCTGTTTGTGAGTTGTGTCATTCTGGCCATCCTTGGTAAGATCCTTTTTGGCATTAAGTTGTCGGGAAGGGGATGACCATCGTTTACTGTGAAAAAATTAGAGTGTTTAAAGCAGGCTTATGCCGTTGAATATATTAGCATGGAATAATAAGATAGGACTTTGAGTCTATTTTGTTGGTTTGCGAGTCAAAGTAATGATTAATAGGGACAGTTGGGGGTATTCGTATTTCATTGTCAGAGGTGAAATTCTTGGATTTCTGAAAGACGAACTACTGCGAAAGCATTTACCAAGGATGTTTTCATTAATCAAGAACGAAAGT,425
ASV53,GGCCGCCAGCAGCTGCGGTAATTCCAGCTCCAATAGCGTATATTAAAATTGTTGCGGTTAAAACGCTCGTAGTTGGATATCTGCCAAGGAGTTTCGGTCCTCCCCAGTGGAGAATACGCGGAACATTTCTTGGCACTTGTTCAGGGAAGGTGTTTGCACTTTGTTGTGCGTCACGTGATCTGAATTTTTACTTTGAGGAAATGAGAGTGTTTCAAGCAGGCTTTTGCCATGAATATGATAGCATGGAATAATAGCACAGGACCCCTTTCCAAAGCTGTTGGTTTTTGGAACGAGGTAATCATAATAAGGACAGTTGGGGGTATTCGTATTTAACTGTCAGAGGTGAAATTCTTGGATTTTTTAAAGACGAACTATTGCGAAGGCATCTGCCCAGGATGTTTTTGTTGATCAAGAACGAAAGT,422
ASV54,TGGGTCCAGCACCTGCGGTAATTCCAGCTCCAATAGCGTATATTAAAGTTGTTGCGGTTAAAAAGCTCGTAGTTGGATTTCTGTTGAGGACGACTGGTCCGCCCTCTGGGTGAGTATCTGGCTCGGCCTCGGCATCTTCTTGGAGAGCGTTGCTGCACTTCACTGTGTGGCTCGGTATCCAGGACTTTTACTTTGAGGAAATTAGAGTGTTTCAAGCAGGCGCACGCCTTGAATACATTAGCATGGAATAATATGATAGGACCTTGGTTCTATTTTGTTGGTTTCTAGAGCTGAGGTAATGATTAATAGGGATAGTTGGGGGCATTCGTATTTAACTGTCAGAGGTGAAATTCTTGGATTTGTTAAAGACGGACTACTGCGAAAGCATTTGCCAAGGATGTTTTCATTGATCAAGAACGAAAGT,424
ASV55,ATGGCCCAGCAGCCGCGGTAATTCCAGCTCCAATAGCGTATATTAAAGTTGTTGCGGTTAAGAAGCTCGTAGTTGGACTTATGTCAAGGATGCCTGGGCCACCACCTTGGTGTGCACCAGCGTGCCCTGGACATATTCTCGGAACGCGCGCTCGCACTTGACTGTGCGGCGTGTTCGGTCCGAACGTTTACTTTGAGGAAATTAGAGTGTTTCAAGCAGGCCTGCGTCTTGAATATGTTAGCATGGAATAATAAGCTAGGACCTCGGTCCAGCTTCGTTGGTTTCGGGGACCGAGGTAATGATTAATAGGAACTGTTGGGGGCATTCGTATCTAATTGTCAGAGGTGAAATTCTTGGATTTATTAAAGACGGACTACTGCGAAAGCATTTGCCAAGGATGTTTTCATTGATCAAGAACGAAAGT,424
ASV56,TTCAGCCAGCAGCTGCGGTAATTCCAGCTCCAAGAGCGTATATTAAAGTTGTTGCAGTTAAAAAGCTCGTAGTTGGATTTCTGGTACAACGCGCCTGGCCCGCTTACGTGAGTGCCGGTGCGCGTTTGCCATCCTTCTAGAAAACGTCTCTACTCGGGCAACTGAGCCGGATTCGCGATCTAGATCTTTTACTTTGAAAAAATTAGAGTGTTTAAAGCAGGCTATTGCCTTGAATACATTAGCATGGAATAATAATCTAGGACTTCGGTTCTATTTTGTTGGTTTCTAGTACTGAAGTAATGATTGATAGGGATAGTTGGGGGTGCTAGTATTGACCGGCCAGAGGTGAAATTCTTGGATTCGGTCAAGACTAACTTATGCGAAAGCATTCACCAAGGATGTCTTCTTTAATCAAGAACGAAAGT,425
ASV57,CAGCTCCAGCACCTGCGGTAATTCCAGCTCCAATAGCGTATATTAAAGTTGTTGCAGTTAAAAAGCTCGTAGTTGGACTTCTGGGAGGGTGCCAATGTCCGCCGTGTGCGTGTGCAGCGGGGCCCTTCCATCCTTCTGTTAACGTTTCTCGGTATTCGCTTACTGGTTTCGGGCTCAGATATTTTACCTTGAGAAAATTAGAGTGTTTCAGGCAGGCTTGCGCCGGAATACATTAGCATGGAATAATAGAATAGGACTTTTGTCTCCTTTGTTGGTTTGAGGGACCGAAGTAATGATTAATAGGGATAGTTGGGGGCATTAGTATTTAATTGTCAGAGGTGAAATTCTCGGATTTGTTAAAGACTAACTTATGCGAAAGCATTTGCCAAGGATGTTTTCATTAATCAAGAACGAAAGT,418
ASV58,GTACTCCAGCACCTGCGGTAATTCCAGCTCCAATAGCGTATATTTAAGTTGCTGCAGTTAAAAAGCTCGTAGTTGGATTTCGGGTGGGGCCTGCCGGTCCGCCGTTTCGGTGTGCACTGGCCGGGCCCACCTTGTTGCCGGGGACGGGCTCCTGGGCTTTATTGTCCGGGACTCGGAGTCGGCGAGGTTACTTTGAGTAAATTAGAGTGTTCAAAGCAGGCCACCGCTCTGAATACATTAGCATGGAATAACACGATAGGACTCTGGCCTATCTTGTTGGTCTGTAGGACCGGAGTAATGATTAAGAGGGACAGTCGGGGGCATTCGTATTTCATTGTCAGAGGTGAAATTCTTGGATTTATGAAAGACGAACTACTGCGAAAGCATTTGCCAAGGATGTTTTCATTAATCAAGAACGAAAGT,423
ASV59,GTAGACCAGCACCTGCGGTAATTCCAGCTCCAGTAGCGTATATTAAAGTTGTTGCAGTTAAAAAGCTCGTAGTCAGATTTTGGATTCTGTGAATTGGTCTGGCTTTAACGTCAGTATTGGTTCGCGGGGTCTCTCTTTCTGGGGAAGCTGTTTGCTTTTTATTAAGTGGGCAGTGTATCCAGGACTTTTACTTTGAAAAAATTAGAGTGTTTAAAGCAAGCAATCGCTTGAATACATTAGCATGGAATAATAGAATAGGACTTTGGTTCTATTTTGTTGGTTTCTAGGACCGAAGTAATGATTAATAGGGATAGTTGGGGGCATTAGAATCGACATGTCAGAGGTGAAATTCTTGAATTTTGTCGCGTCTAACTTCTGCGAAAGCATTTGCCAAGGATGTTTTCATTGATCAAGAACGAAAGT,423
ASV60,CAAGTCCAGCACCTGCGGTAATTCCAGCTCCAATAGCGTATATTAAATTTGTTGCAGTTAAAACGCTCGTAGTTGATTTGGAGTCTTAGACTGGCGGTCTGCTAATTTGATTAGTGTGTACCAGCTTGTTCTTTGACTTTGTCGCTTAGCAGCTGTGTACTTTATTGTGCACTGTTTGTTGGGTGACCATTTACTTTGAGTAACTTAGAGTGTTCCAAGCAGGTTTCGATGCCGTGAATAGCTAAGCATGGAATAATAATGATAAGACTCAAGCCCTTGTGTTGGTTGAGGGCTTCGAGTGAAGATTAATAGGGATAGCTGGGGGCATTGGTATTTAGCTGTCAGAGGTGAAATTCTTAGATTAGCTAAGGACCGTCTACTGCGAAAGCATTTGCCAAAGATGTTTTCATTAATCAAGAACGAAAGT,427
ASV61,TGTTGCCAGCACCTGCGGTAATTCCAGCTCCAATAGCGTATATTAAAGTTGTTGCAGTTAAAAAGCTCGTAGTTGGATTTCTGGTAGGAGCGACCGTGCCGAACTTGATTGTTCGTGTATTGTGTTGTCTTCAGCCATCCTCGTGGAGAACTTTTCTAACATTAACTTGTTGGGATTGGGACCCGCGTCGTTTACTGTGAAAAAATTAGAGTGTTTAAAGCAGGCATTAGCTTGAATACATTAGCATGGAATAATAAGATAGGACTTTGGTACTATTTTGTTGGTTTGCATACCAAATTAATGATCAACAGGAACAGTTTGAGGATATTCGTATGAACATGTCAGAGGTGAAATTCTTGGATTTTGATCAGACGAACTACTGCGAAAGCATTTATCAAGGATGTTTTCATTAATCAAGAACGAAAGT,427
ASV62,CAGACCCAGCAGCCGCGGTAATTCCAGCTCCAATAGCGTATATTAAAATTGTTGCGGTTAAAAAGCTCGTAGTTGGATTTCTGCTGATGGTGGCTGGTCCGCCCTCTGGGTGAGTATCTGGCACAACCACAGCACTTCCCAAAAACATAACTGCACTTGACTGTGTGGTGTGGTATTGGGAAATTTTACTTTGAGGAAATCAGAGTGTTTCAAGCAGGCATCCGCCTTGAATACATTAGCATGGAATAATATTATAGGATCTTGGTTCTATTTTGTTGGTTTTTATAGCCGAGGTAATGACAAATAGGGATAGTTGGGGGCATTCGTATTTAATTGTCAGAGGTGAAATTCTTGGATTTATTAAAGACGGACTACTGCGAAAGCATTTGCCAAGGATGTTTTCATTGATCAAGAACGAAAGT,422
ASV63,GCGTTCCAGCACCTGCGGTAATTCCAGCTCCAATAGCGTATATTAAAGTTGTTGCAGTTAAAAAGTTCGTAGTCGACCTTCATCTGCTCGGGTGTTTTGGCGTCTATGACGTTCAAGCACTTTCAGCAGAGAGCGTGCAAGGCGCATCCCATGCGTTTCGTATGTGGGTGTCTCTTGCATCTTACTTTGAGTGAATCGGCGTGTTCCACGCAGGCTGTCGCCTTGAACGATTTACCATAGAATAACCAGAGTATGGGAACATCCCTTTGTTTGTTCGGGGGTGTTTTCTATACCGATAAGCACGGTCGAGGGCATTCGTATTCAACTGCCAGAGGTGAAATTCTTTGATTAGTTGAGGACGAACTATTGCGAAAGCATTTGCCAAGGACGTCGCTGTTGATCAAGAACGAAAGT,414
ASV64,TGGTCCCAGCAGCCGCGGTAATTCCAGCTCCAATAGCGTATATTAATGTTGTTGCAGTTAAAAAGCTCGTAGTTGGATTTCTGGTGGGAGCGGCCGGTCCGCCGTAAGGTGTGTACTTGGTTGTCTCCTGTCATCCTTGTGGGAACTGCTCTGGCATTAAGTTGTCGGGGTTAGGGAACACATCGTTTACTGTGAAAAAATTAGAGTGTTTAAAGCAGGCTTATGCCGTTGAATACATTAGCATGGAATAATAAGATAGGACTTTGGCGTCTATTTTGTTGGTTTGCACACCAAGGTAATGATTAAAAGGGATAGTTGGGGGTATTCGTATTTAATTGTCAGAGGTGAAATTCTTGGATTTATGAAAGACGAACTTCTGCGAAAGCATTTACCAAAGATGTTTTCATTAATCAAGAACGAAAGT,424
ASV65,ATGGGCCAGCAGCTGCGGTAATTCCAGCTCCAATAGCGTATATTAAAGCTGTTGCGGTTAAAAAGCTCGTAGTTGGATTTCTGTTGAGGACATCTGGTCCGCCTCTCGGGTGAGTATCTGGCTTGGTCTTGGCATCTTCTGGACATTGCGATTGCACTTGACTGTGTGGCGCAGTTTCTAGGACTGTCACTTTGAAGAAATTGGAGTGTTTCAAGCAGGCACATGCCTTTGAACACGCTAGCATGGAATAACATCATTGGGTCTCTGCTTTGTTTTGTCAGTTTCTAAAGCCGAGAAGAGGATTAGTAGGGATTGTTGGGGGCATCCGAATTTGGCCGTCAGAGGTGAAATTCTTGGATTTGTTAAAGACGGACAACTGCGAAAGCATTTGCCCAGGATGTTTTCATTGATCAAGAACGAAAGT,424
ASV66,ATTTACCAGCAGCCGCGGTAATTCCAGCTCCAATAGCGTATATTAAAGTTGTTGCGGTTAAAAAGCTCGTAGTTGGATTTCTGCCGAGGATGACCGGTCCGCCCTGTGGGTGTGCATCTGGCTCAGCCTTGGCATCTTCCTGAAGAACGTAGCTGCACTTGACTGTGTGGTGCGGTATTTAGGACATTTACTTTGAGGAAATTAGAGTGTTTCAAGCAAGCGCACGCTTTGAATACATTAGCATGGAATAATAAGATAGGACCTCGGTTCTATTTTGTTGGTTTCTAGAGCTGAGGTAATGATTGATAGGGATAGTTGGGGGCATTCGTATTTAACTGTCAGAGGTGAAATTCTTGGATTTGTTAAAGACGGACTACTGCGAAAGCATTTGCCAAGGATGTTTTCATTGATCAAGAACGAAAGT,424
ASV67,TATGTCCAGCACCTGCGGTAATTCCAGCTCCAATAGCGTATATTAAAGTTGTTGCGGTTAAAAAGCTCGTAGTTGGATTTTGGGTTCACTTCCGGCGGGCCGGTGCAAGCCGCGAACTGCTAGAATGGACCTTCTGTCTGGAACGTGGTCGCTTCCTATTCGCTTAGTGGCGGCCGCTGTCTAGGACTTTTACTTTGAACAAATTGGAGTGTTTAAAGCAGGCAAACGTCTTGAACACATTAGCATGGAATAACCGAATAGGGCTTTGGCTCTATTTTGTTGGTTTTAAGGGCCGAAGTAATGATTAATAGGGACAGTTGGGGGCATTCGTATTTAATTGTCAGAGGTGAAATTCTTAGATTTATGAAAGACGAACTTCTGCGAAAGCATTTGCCAAGGATGTTTTCATTAATCAAGAACGAAAGT,426
ASV68,GACCTCCAGCACCTGCGGTAATTCCAGCTCCAAGAGCGTATATTAAAGTTGTTGCAGTTAAAAAGCTCGTAGTTGAACTTCCCCCGGCGCGGGCCCCTGTTTTTCGGGGGACTTGGGCCGGGGTCCTTCGGGAAATTACTTTGAGTAAACGAGAGTGTTCAAAGCAGGCGCGCAGCCTGAATCTTCAAGCATGGAATAATAAAACAGGACAATGGTTCTATTTTGTTGGTTATAAGCCATCGTAATGATTAATAGGGACGGTCGGGGGCATCAGTATTCAGTAGTCAGAGGTGAAATTCTTAGATTTACTGAAGACTAACTACTGCGAAAGCATTTGCCAAGGACGTTTTCATTAATCAAGAACGAAAGT,370
ASV69,TGTTTCCAGCAGCCGCGGTAATTCCAGCTCCAATAGCGTATATTAAAGTTGTTGCAGTTAAAAAGCTCGTAGTTGGATTTCTGGGAGGGTGCCAATGTCCGCCGACGTGCGTGCGCAGCGGCGCCCTTCCATCCTTCTGTTAACGCCTCTTGGCATTCATTTGCTGGTGGCGGGCTCAGATATTTTACCTTGAGAAAATTAGAGTGTTTCAGGCAGGCTAGGCCGGAATACATTAGCATGGAATAATGGAATAGGACTACGGTCTCTTTGTTGGTTTGAGGGACTGCAGTAATGATTAATAGGGATAGTTGGGGGCATTAGTATTTAATTGTCAGAGGTGGAATTCTCGGATTTGTTAAAGACTAACTTATGCGAAAGCATTTGCCAAGGATGTTTTCATTAATCAAGAACGAAAGT,417
ASV70,TCGAGCCAGCAGCCGCGGTAATTCCAGCTCCAATAGCGTATATTAAAGTTGTTGCAGTTAAAAAGCTCGTAGTTGGATTTCTGACAAGAATGGCCGGTCCGGACTTTCGGGTTCGTGTACTTGTGCTTGTTCTAGTCATCTTTATAGAGAACGTGTGTTGGCATTAAGTTGTCGGATACGGGACCTATATCATTTACTGTGAAAAAATTAGAGTGTTCAAAGCAGGCAATCGCTATGAATACATTAGCATGGAATAATAAGATAGGACTTTGGTACTATTTTGTTGGTTTGCATACCAAAGTAATGATTAAGAGGGACAGTTGGGGGTATTCGTATTTAATTGTCAGAGGTGAAATTCTTGGATTTATGAAAGACGAACTACTGCGAAAGCATTTACCAAGGATGTTTTCATTAATCAAGAACGAAAGT,429
ASV71,GAGTTCCAGCACCCGCGGTAATTCCAGCTCCAATAGCGTATATTAAAGTTGTTGCAGTTAAAAAGCTCGTAGTTGAATTTTGGGTCTCGGTAGGGGGTCCGCCTAACGGTGAGTACTCTCTAGCGAGGCCTTCCTTTCTGGAGGTCCCATCTGCACTTTATTGGGTGGGTGGGGGAACCAGGACTTTTACTTTGAAAAAATTAGAGTGTTCAAAGCAGGCTTACGCTTGAATACATTAGCATGGAATAATAGAATAGGACTTTGGTTTTATTTTGTTGGTTTTCGAAACTGAAGTAATGATTAATAGGGACGGTTGGGGGCATTAGTACGTACATGTCAGAGGTGAAATTCTTGGATTTTGTACAGACTACCTGCTGCGAAAGCGTTTGTCAAGGACGTTTTCATTAATCAAGAACGAAAGT,422
ASV72,TTCATCCAGCACCTGCGGTAATTCCAGCTCCAGTAGCGTATATTAAAGTTGTTGCAGTTAAAAAGCTCGTAGTTGGATTTCTGGTTTGGTGAGCCTGACCCGCTGCTATTTGCAGTGTGTGTCGGTCGTTTGCCTACCATCCTTCCAGAGAACTTTGCCTCCCCTTCATTGGGATGGGCTAGCGATCTGGAACTTTTACTTTGAAAAAATTAGAGTGTTCAAAGCAGGCTTTGCGCTATGAATACATTAGCATGGAATAATAATTTAGGACTACGGTTCTATTTTGTTGGTTTCTAGAACTGAAGTAATGATTGATAGGGATAGTTGGGGGTGCTAGTATTCAGCGGCCAGAGGTGAAATTCTTGGATTCGCTGAAGACTAACTTATGCGAAAGCATTCACCAAGGATGTCTTCTTTAATCAAGAACGAAAGT,433
ASV73,TAAATCCAGCACCCGCGGTAATTCCAGCTCCAATAGCATATATTAAAATTGTTGCGGTTAAAAAGCTCGTAGTTGGACAACTGGCGGAGGGGCCCGGTCCACCCGCAGGGTGAGCACATGGATCGACTTTGCCAGCTCCTTGGAAGCAGTCTTGATGCTTCGCTGTGTCAGACGGCATTCAAGAACTTTACTTTGAGGAAATTAGAGTGTTCCAAGCAGGCACATGCCTCGAATACATTAGCATGGAATAATAAGATCGGACCCCATGTCTGTTTTGTAGGTTTCCAGATAGAGGGTAATGACTATTAGGGATAGCCGGGGGCATTCGTATTTGACTGTCAGAGGTGAAATTCTTGGATTTGTTGAGGACGAACCACTGCGAAAGCATTTGCCATGGATGTTTTCATTGATCAAGAACGAAAGT,424
ASV74,CGGCGCCAGCAGCCGCGGTAATTCCAGCTCCAATAGCGTATATTAAATTTGTTGCAGTTAAAACGCTCGTAGTTGATTTGTAGTCTGAGACTGGCGGTCTGCCAAGTTACTTGGCGTGTACTTGCCTCTGCTTAGGCTTTGTTGCTCGTTCGGTTGTGGACTTCATTGTTCGCTGCCGTGTTGAGTGACCTTTTACTTTGAGTAACTTAGAGTGTTCCAAGCAGGTTTCGATGCCGTGAATAGCTAAGCATGGAATAATAATGATAAGACTCAAGCCCTTCTGTTGGTTGAGGGCTTCGAGTGAAGATTAATAGGGATAGCTGGGGGCATTGGTATTTAGCTGTCAGAGGTGAAATTCTTAGATTAGCTAAGGACCGTCTACTGCGAAAGCATTTGCCAAAGATGTTTTCATTAATCAAGAACGAAAGT,429
ASV75,GAGTTCCAGCACCTGCGGTAATTCCAGCTCCAATAGCGTATATTAAAGTTGTTGCGGTTAAAAAGCTCGTAGTTGGATTTCTGGAAAGGACGACCGGTCCACCCACTGGGTGAGAACATGGTTCGGCTCGACCATTTTCTTGGAGAACGCTGCTGCGCTTCATTGTGTGGGGTGGCATCCAGGACTTTTACTTTGAGGAAATTAGAGTGTTTCAAGCAGGCGCACGCCCCGAACACATTAGCATGGAATAATGAGATAGGATCTTGGCTCTGTTTTGTTGGTTTATAGAGTTAAGATAATGGTTAATAGGGATGGTCGGGGGCATTCGTATTTAACTGTCAGAGGTGAAATTCTTGGATTTGTTAAAGACGGACTACTGCGAAAGCATTTGCCAAGGATGTTTTCATTGATCAAGAACGAAAGT,424
ASV76,GTTGTCCAGCAGCTGCGGTAATTCCAGCTCCAATAGCGTATATTAAAGTTGTTGCGGTTAAAAAGCTCGTAGTTGGATTTCTGCTGAGGACGACCGGTCCGCCCTCTGGGTGAGTATCTGGCTCGGCCTGGGCATCTTCTTGGAGAACGTAGCTGCACTTGACTGTGTGGTGCGGTATCCAGGACTTTTACTTTGAGGAAATTAGAGTGTTTCAAGCAGGCACACGCCTTGAATACATTAGCATGGAATAATAAGATAGGACCTCGGTTCTATTTTGTTGGTTTCTAGAGCTGAGGTAATGATTAATAGGGATAGTTGGGGGCATTCGTATTTAACTGTCAGAGGTGAAATTCTTGGATTTGTTAAAGACGGACTACTGCGAAAGCATTTGCCAAGGATGTTTTCATTGATCAAGAACGAAAGT,424
ASV77,GGGGGCCAGCACCTGCGGTAATTCCAGCTCCGCCAGTGTATATCTATGCTGCTGCGGTTAAAAAGCTCGTAGTTGGATCTTCGTGCTTGAATCCGGTCCACCTTTGTGGTGTGCACTGGGCTTCGGCACTAAATCGTCGGTTTTCCCTTGGTGCCCTTCACCGGGTGTCCTGGGTGGCTGACATGTTTACTTTGAAAAAATTAGAGTGCTCAAAACAAGCGATTCGCTTGAATATTCGTGCATGGAATAATAGAATAGGTCCTTGGTTCTATTTTGTTGGTTTTCAGAGCACAAGGAAATGATTAAGAGGGACAGACGGGGGCATTCGTACTCCGACGTTAGAGGTGAAATTCTTGGATCGTCGGATGACGCACTACTGCGAAAGCATTTGCCAAGAATGTTTTCATTAATCAAGAACGAAAGT,424
ASV78,TCTTTCCAGCACCTGCGGTAATTCCAGCTCCATTGGTGTATACCAATTCTGTTGTGGTTAAAAAGCTCGTAGTTGGATCTGTCGCTATGGGCGCCAGTCACCCTCAGGGTTGTACTGGTGGCTCAGGCGTTTTCATCTGGTTTTCCGTGCATGTGCTTAATTGCGTGTGTGCGGTGACTGGAAAGTTTACTTTGAAAAAATTAGAGCGTTCATAACAGGCGTTTAGCCTGAATATTGTTGCATGGAATAATTGAATAGGACTTTGGTTCTATTTTGTTGGTTCAAGAATTGAAGAAATGATTAAGAGGGACAGACGGGGGCATTCGTATTGCGGCGTTAGAGGTGAAATTCTTGGATCGCTGCAAGACGAACAAGTGCGAAGGCATTTGCCAAGAATGTTTTCATTAATCAAGAACGAAAGT,422
ASV79,TAGTCCCAGCACCCGCGGTAATTCCAGCTCCAATAGCGTATATTAAAGTTGTTGCAGTTAAAAAGCTCGTAGTTGGATTTTGGATTGTGTTTAATGGTCTGCCGTGAGGTATGCACTGTTAGGCGCTTTCTTCTTGTCAAAGACTGTGTGTGCTCTTAATTGAGTGTGCTCAGGGTTTGGCACTTTTACTGTGAGAAAATTAGAGTGTTTAAAGCAGGCGTTTGCTTGAATATTGCAGCATGGAATAATGGAATAGGATCACGATCTTATTTTGTTGGTTTCTAGGATCGAGATAATGATTAATAGGGATAGTTGGGGACATTAATATTTAATTGTCAGAGGTGAAATTCTTGGATTTATGAAAGATTAACTTCTGCGAAAGCATTTGTCAAGGATGTTTTCGTTAATCAAGAACGAAAGT,421
ASV80,AGCCGCCAGCAGCCGCGGTAATTCCAGCTCTAATAGCGTATATTAAAGTTGTTGCGGTTAAAAAGCTCGTAGTTGGATTTTGGAACCTTTACAGTCGGTCCGGTGTAAACCGCGCACCGACAGTTGGGTTCTTCTGTCTAGAACCTTCGCGTTTTCCTCTTAATTGAGGGGCGTGTTGTGTCTAGGACTTTTACTTTGAACAAATTAGAGTGTTTAAAGCAGGCCTATGCCTTGAATACATTAGCATGGAATAATCGAATAGGACTTTGGTTCTATTTTGTTGGTTTTAAGGACCGAAGTAATGATTAATAGGGATAGTTGGGGGCATTAGTATTGAATTGTCAGAGGTGAAATTCTTAGATTTATGCAAGACTAACTTCTGCGAAAGCATTTGCCAAGGATGTTTTCATTAATCAAGAACGAAAGT,427
ASV81,ATTAACCAGCAGCCGCGGTAATTCCAGCTCTAATAGCGTATATTAAAATTGTTGCAGTTAAAACGCTCGTAGTTGAATATCTGTCTCTTGGTTGTTTGGTCCGCTTTGCGTGCACCAAATGTCAGAGACATCCGTTTGCTTTTTTGAGCAATCAAATTTGCAAACCGTTCACTTTGAGGAAATTAGAGTGTTCAAAGCAGGCTTAGCCTTGAATACTTCAGCATGGAATGATCGATAGGACTTCCGTCCTATCCGTTGGTTCTAGGGGCGAGAAGTAATGATAAACAGGGTCGGTCGGGGGCATTCGTATTGAACAGTCAGAGGTGAAATTCTTAGATTTGTTCAAGACGAACAACTGCGAAAGCATTTGCCAAGGACGACCCCATTAATCAAGAACGAAAGT,403
ASV82,ATAGTCCAGCACCTGCGGTAATTCCAGCTCCAATAGCGTATATTAAAATTGTTGCGGTTAAAACGCTCGTAGTTGGGTATCTGCCAAGAAGTTGTGGTCCTCCCAAGTGGAGAGTACTCGGAACATTTCTTGTCAATTGTTCAGGGACGGTGTTTACACTTGGCTGTGCGACACGAGATCTGAATTTTTACTTTGAGGAAATGAGAGTGTTTCAAGCAGGCAGTTGCCTTGAATATGATAGCATGGAATAATGGCACAAGACCTCTTTCCTAAGCTGTTGGTTTTTGGAACGAGGTAATCTTAATAAGGACAGTTGGGGGTATTCGTATTTAGCTGTCAGAGGTGAAATTCTTGGATTTTTTAAAGACGAACAATTGCGAAGGCATCTGCCCAGGATGTTTTTGTTGATCAAGAACGAAAGT,422
ASV83,CCAGTCCAGCAGCTGCGGTAATTCCAGCTCCAGTAGCGTATATTAAAGTTGTTGCAGTTAAAAAGCTCGTAGTTGGATTTCTGCTTGTAGCGTTGGGTCCGCCGGGGTTACCCGTGTGAGTACCTGTTCGCTCCTTGCATCCTTCTAGAGAACGGTTCTCTCCTTCATTGGTTGTGGGATCGCAATCTAGATCTTTTACTTTGAAAAAATTAGAGTGTTTAAAGCAGGCTTGTGCTATGAATACATTAGCATGGAATAATAATTTAGGACTTTGGTTCTATTTTGTTGGTTTCTAGGACTGAAGTAATGATTGATAGGGATAGTTGGGGGTGCTAGTATTCAGCGGCCAGAGGTGAAATTCTTGGATTCGCTGAAGACTAACTTATGCGAAAGCATTCACCAAGGATGTCTTCTTTAATCAAGAACGAAAGT,432
ASV84,ACAACCCAGCACCCGCGGTAATTCCAGCTCCAATAGCGTATATTTAAGTTGTTGCGGTTAAAAAGCTCGTAGTTGGATTTCGGGCGTGGAGGTTCGGTCCGCCGTTTCGGTGTGCACTGTCTTTCTGCGTCTTTCTGTCGGGGACGCGCTTCTGGCCTTAATTGGCTGGGACGTGGATTCGACGAGGTTACTTTGAAAAAATTAGAGTGTTCAAAGCAAGCTAAAGCTCTGAATACATTAGCATGGAATAACGCGAGAGGACTCGGTCCTTATTTTGTTGGTCTTCAAGGATGGAGTAATGATTAAGAGGGACAGTTGGGGGCATTCGTATTTCATTGCTAGAGGTGAAATTCTTGGATTTATGAAAGACGAACTTCTGCGAAAGCATTTGCCAAGGATGTTTTCATTGATCAAGAACGAAAGT,424
ASV85,GCTCACCAGCACCCGCGGTAATTCCAGCTCCAATAGCGTATATTAAAGTTGTTGCGGTTAAAAAGCTCGTAGTTGGAGTTCTGCCAGGTGCCGCCTGTCCGCCCCAGTGGTGAGTACGTGGCGCGCATTTGGCCCTTTCAAGGGGAGCGTATCTGCACTTTATTGTGTGGTGCGGGATCCTTGACTTTTACTTTGAGGAAATAGGAGTGTTCCAAGCAGGCTCTCGTCGTGCACAGCTCAGCATGGAATAATAGCATTGGACCTCGATTCTAAGCTGTTGGTTGCCAGAAGCGAGGTAATGATGAAGAGGGATAGTTGGGGGCATTCGTATTTAACTGTCAGAGGTGAAATTCTTGGATTTGTTAAAGACGGACTACTGCGAAAGCATCTGCCATGGATGTTTTCATTGATCAAGAACGAAAGT,424
ASV86,ACGGTCCAGCACCCGCGGTAATTCCAGCTCTTCGAGCGTGTACTAGCGTTGTTGCAGTTAAAAAGCTCGTAGTTGAACTTCTGGTAGGAGCGGCCCGACCTTTGGGCGAATGCCCACTGATTGTTGTGTGTCGCTCTGGCCATCCTTCCTATCGCTTTAGTGGTAGGATCTTTCACTGTAAAAAAATTAGGGTGTTTCAAGCAAGACTTTGTCTGGAATATATTAGTATGGGATGATAAGATAGGCTCTCGATGCTATTTTGTTGGTTTGCACATCAAGAGAATGATTAACAGGGACAGTTGGGGGTATTCGTATTTACATGTCAGAGGTGAAATTCTTGGATTTTGGAAAGACGAGCAACTGCGAAGGCATTTACCAAGGATGTTTTCATTAATCAAGAACGAAAGT,408
ASV87,TGGTGCCAGCACCTGCGGTAATTCCAGCTCCAATAGCGTATATTAAAGTTGTTGCGGTTAAAAAGCTCGTAGTTGGATTTCTGCTGAGGACGACCGGTCCGCCCTCTGGGTGAGCATCTGGCTCGGCCTTGGCATCTTCTTGGAGAACGTTACTGCACTTGATTGTGTGGTGCGGTATCCAGGACTTTTACTTTGAGGAAATTAGAGTGTTTCAAGCAGGCGCACGCCTTGAATACATTAGCATGGAATAATAAGATAGGACCTTGGTTCTATTTTGCTGGTTTCTAGAGCTGAGGTAATGATTAATAGGGATAGTTGGGGGCATTCGTATTTAACTGTCAGAGGTGAAATTCTTGGATTTGTTAAAGACGGACTACTGCGAAAGCATTTGCCAAGGATGTTTTCATTGATCAAGAACGAAAGT,424
ASV88,TGAAACCAGCAGCCGCGGTAATTCCAGCTCCAATAGCGTATATTAAAGTTGTTGCAGTTAAAAAGCTCGTAGTTGGATTTCTGGCAGGAGCGACCGGTCGCGCACTCTGTGCGTGAACTTGTGTTGTCTCTGGCCATCCTCGGGGAGATCCTGTTTGGCATTAAGTTGTCGGGCAGGGGATACCCGTCGTTTACTGTGAAAAAATTAGAGTGTTTAAAGCAGGCTTATGCCGTTGAATATATTAGCATGGAATAATAAGATAGGACTTCGGAACTATTTTGTTGGTTTGCGTTACGAAGTAATGATTAATAGGGACAGTTGGGGGTATTCGTATTTCATTGTCAGAGGTGAAATTCTTGGATTTCTGAAAGACGAACTACTGCGAAAGCATTTACCAAGGATGTTTTCATTAATCAAGAACGAAAGT,427
ASV89,AGTTACCAGCAGCTGCGGTAATACCAGCTCCAATAGCGTATATTAAAGTTGTTGCAGTTAAAAAGCTCGTAGTCGTATTTGAGCGAATGTTGGTTTTTGTTTGGTATGCAATCAAAAGATTGTGATTACCCGAACTACATCGCAAGTAACCATTGAGTCGTGTCTGGTCTTAATTGATTTGGATGCGTTTTTTTCTTGATGGATCATTTACTGTGAGAAAAGTAGAGTGTTTAAGGCAGCCGTGTTTTTTTGGCTCTGAATATGTTAGCATGGAATAATAAGATAGGACTTTCGGATTCTATTTTGTTGGTTTCTAGTCTGGAAGTAATGATTGATAGGGATAGTTGGGGGTGCTAGTATTGAATGGCCAGAGGTGAAATTCATGGATTCATTCAAGACTAACTAATGCGAAAGCATTCACCAAGGATGTCCTCTTTGATCAAGAACGAAAGT,453
ASV90,ATTTACCAGCACCTGCGGTAATTCCAGCTCCAGTAGCGTATACTAATGTTGCTGCAGTTAAAAAGCTCGTAGTTGGATTTCTGGTTGATAATGATGGTCCGAGTGTTCCTTCGGGTTCCTTGAGTATCGTTTCTTATCTGCCATCCTCTTAGTATTGTTGACTTCGGTCTTCAGTTCTGAGACTTTTACTTTGAAAAAATTAGAGTGTTTAAAGCAAGCTTGCGCGATGAATACATTAGCATGGAATAATAATATAGGACTACGGGTTCTATTTTGTTGGTTTCTAGACCTGAAGTAATGATTGATAGGGATAGTTGGGGGTGCTAGTATTGAGAGGCCAGAGGTGAAATTCTTTGATTCTCTCAAGACTAACTTATGCGAAAGCATTCACCAAGGATGTCTTCTTTAATCAAGAACGAAAGT,423
ASV91,TGGTGCCAGCACCTGCGGTAATTCCAGCTCCAATAGCGTATATTAAAGTTGTTGCGGTTAAAAAGCTCGTAGTTGGATTTCTGCTGAGGACGACCGGTCCGCCCTCTGGGTGAGCATCTGGCTCGGCCTTGGCATCTTCTTGGAGAACGTTACTGCACTTGATTGTGTGGTGCGGTATCCAGGACTTTTACTTTGAGGAAATTAGAGTGTTTCAAGCAGGCGCACGCCTTGAATACATTAGCATGGAATAATAAGATAGGACCTTGGTTCTATTTTGTTGGTTTCTAGAGCTGAGGTAATGATTAATAGGGATAGTTGGGGGCATTCGTATTTAACTGTCAGAGGTGAGATTCTTGGATTTGTTAAAGACGGACTACTGCGAAAGCATTTGCCAAGGATGTTTTCATTGATCAAGAACGAAAGT,424
ASV92,GGGGGCCAGCACCCGCGGTAATTCCAGCTCCAGTAGCGTATATTAAAGTTGTTGCAGTTAAAAAGCTCGTAGTTGGATTTCTGGCTGACCGGGTATGGTCCGGCGTCCTCAGGGCGCTGTGTACCGTCCTGCGTTTGCCATCCTTTCAGGAAGCTGTGCCTACCGGCTCGTTCGGCAGGGCGCTGCGATCTGGATCTTTTACTTTGAAAAAATTAGAGTGTTCCAAGCAAGCTTACGCTTTGAATACATTAGCATGGAATAATAATATAGGACTTCTGTTCTATTTTGTTGGTTTCTAGGACCGAAGTAATGATTGATAGGGATAGTTGGGGGTGCTAGTATTCAGCGGCCAGAGGTGAAATTCTTGGATTCGCTGAAGACTAACTACTGCGAAAGCATTCACCAAGGATGTCTTCTTTAATCAAGAACGAAAGT,435
ASV93,GGTAACCAGCACCTGCGGTAATTCCAGCTCCAATAGCGTATACTAAAGTTGTTGCAGTTAAAAAGCTCGTAGTTGGATTTCTGGCGGGGGCGGCTGGCGGCGTCCGACAAGGGCGTCTGCATGGGTCGGTCCCCGTCATCCTTGGGGAGAGCGGTTCTGGCATTAAGTTGTCGGGGCCGGGATCCCTATCGTTTACTGTGAAAAAATTAGAGTGTTCAAAGCAGGCTTAGGCCCTGAATACATTAGCATGGAATAATAAGATACGACCTTGGTGGTCTATTTTGTTGGTTTGCACGCCAAGGTAATGATTAATAGGGATAGTTGGGGGTATTCGTATTCAATTGTCAGAGGTGAAATTCTTGGATTTATGGAAGACGAACTACTGCGAAAGCATTTACCAAGGATGTTTTCATTAATCAAGAACGAAAGT,430
ASV94,AGAGTCCAGCAGCCGCGGTAATTCCAGCTCCAATAGCATATATTAAAGTTGCTGCGGTTAAAAAGCTCGTAGTTGAGTCTCTAGCAAGGTCGACTGATCCATCTTCAGGGTGCGAATTTAGCTCGGCTCAGCTTCTTTCTGGCAAGGCCTCTCTGCACATCGGTCTGCAGATAGCTGCGCCGGCTTTTACTTTGAGAAAAATAAAGTTCTTCAAGCAGGCGTACGTCATGGATATGTGAGCATGGAATAATCATATATGCCTCGGCTCAGATTTTGTTGGTTTCCATTGCTGAGGTAAAGGGTTGTAGGGCCAGATGGGGGCACTCGCATTTAACTGTCAGAGGTGAAATTCTTGGATTTGTTAAAGACGGCCCAGTGCGAAAGCATTTGCCAAGAATGTTCTCGTTGATCAAGAACGAAAGT,423
ASV95,TTGTACCAGCACCCGCGGTAATTCCAGCTCCAATAGCGTATATTAAAGTTGTTGCAGTTAAAAAGCTCGTAGTTGGATTTCTGATATTTCATTCTGCCCATCTTGTCCGCCAAGTGTGGATGTTGGGTCTGGAATGATTGTCATCCTCGCCTATTTAAATTTGATATGTGCATTGGGGAACCTTTGTTTTCGTGTCAAATGGGCGTCATTTACTGTGAAAAAATTAGAGTGTTCAAAGCAAGTTTATTTTAATCTTGAATACATTAGCATGGAATAATAAGATAGGACTTTGGTACTATTTTGTTGGTTTGCATACCAAGGTAATGATTAACAGGAACATATTGGGGATATCTGTATTTTTTAGTCAGAGGTGAAATTCTTGGATTTAAGAAAGACAAACTACAGCGAAAGCATTTATCAAGGATGTTTTCATTGATCAAGAACGAAAGT,450
ASV96,TTGTACCAGCACCCGCGGTAATTCCAGCTCCAATAGCGTATATTAAAGTTGTTGCAGTTAAAAAGCTCGTAGTTGGATTTCTGATATTTCATTCTGCCCATCTTGTCCGCCAAGTGTGGATGTTGGGTCTGGAATGATTGTCATCCTCGCCTATTTAAATTTGATATGTGCATTGGGGAACCTTTGTTTTCGTGTCAAATGGGCGTCATTTACTGTGAAAAAATTAGAGTGTTCAAAGCAAGTTTATTTTAATCTTGAATACATTAGCATGGAATAATAAGATAGGACTTTGGTACTATTTTGTTGGTTTGCATACCAGAGTAATGATTAACAGGAACATATTGGGGATATCTGTATTTTTTAGTCAGAGGTGAAATTCTTGGATTTAAGAAAGACAAACTACAGCGAAAGCATTTATCAAGGATGTTTTCATTGATCAAGAACGAAAGT,450
ASV97,GTGTACCAGCAGCTGCGGTAATTCCAGCTCCAGTAGCGTATATTAAAGTTGTTGCAGTTAAAAAGCTCGTAGTTGGATTTCTGGTATGCTGCGCCTGGCCCGCCCGCGTTAGCGTGGTGAGTGCTGGTGCGCGGTTACCATCCTTCTAGAGAACGTGTCTACCCTTCACTGGGCCGGGCGCGCAATCTAGATCATTTACTTTGAAAAAATTAGAGTGTTTAAAGCAGGCTTTTGCTATGAATACATTAGCATGGAATAATAATATAGGACTTTGGTTCTATTTTGTTGGTTTCTAGGACTAAAGTAATGATTGATAGGGATAGTTGGGGGTGCTAGTATTCAGCGGCCAGAGGTGAAATTCTTGGATTCGCTGAAGACTAACTTATGCGAAAGCATTCACCAAGGATGTCTTCTTTAATCAAGAACGAAAGT,432
ASV98,TATATCCAGCACCCGCGGTAATTCCAGCTCCAATAGCGTATATTAAAGTTGTTGCAGTTAAAAAGCTCGTAGTTGGATTTCTGGTTTGTGTCCCGGGTCGGCCCGAAATGGGTCTGTACTAGGAGACGCAAGCCATCCTTGCGGCGAGGCGTTCTGCCATTTATTTGGTGGTTCGTTGAGCCGCATCGTTTACTGTGAACAAATTAGAGTGTTTAAAGCAGGCATATGCCTTGAATACATTAGCATGGAATAATAAGATAGGACTTCGGTAATATTTTGTTGGTTCATTATTGAGGTAATGATTAATAGGGATAGTTGGGGGTATTCATATTCAATTGTCAGAGGTGAAATTCTTGGATTTATGGAAGATGAACAACTGCGAAAGCATTTACCAAGGATGTTTTCATTAATCAAGAACGAAAGT,424
ASV99,CGCGGCCAGCACCCGCGGTAATTCCAGCTCCAATAGCGTATATTAAAGTTGTTGCAGTTAAAACGCTCGTAGTCGAATTTCGGACGCGAAACAAAGGTAGATCAAATGATCTTACTTTTGATTCAAGTCCTTATTTCTGGGAGAGCATGCTTAGCATGTTAATCCAGGACATTTACTTTGAGGAAATTAGAGTGTTCAAAGCAGGCATTTGCTTGAATATGACAGCATAGAATAATAGAATAGGACTTTGGTTTTATTTTGTTGGTTTTGGAGACCAAGGTAATGATGAATAGGGGCAGTCGTGGGCATTAGTATTTTGAAGTCAGAGGTGAAATTCTTGGATTTTCAAAAGACTAACTAAAGCGAAAGCATTTGCCAAGGATGTTTTCATTGATCAAGAACGAAAGT,408
ASV100,TTGTTCCAGCAGCTGCGGTAATTCCAGCTTCAGTAGCGTATATTAAAGTTGTTGCAGTTAAAAAGCTCGTAGTCGCATTTCTGGCGAGAGGATCCGGTCCGACCTTTTGGTGGGTTCTTGGGTCTCTTTCGCCATCCTTGAGTGGTCCGTTCTGGCATTAGGTTGTCGGAGCGTCAGCCGCTCATCGTTTACTGTGAGAAAATTAGAGTGTTCAAAGCAGGCTTATGCCGTTGAATATATTAGCATGGAATAATAAGATAGGACCTCGGTACTATTTTGTTGGTTTGCGCACCAAGGTAATGATGAACAGGGACAGTTGGGGGTATTTGTATTTCGTTGTCAGAGGTGAAATTCTTAGATTTACGAAAGACAAACTACTGCGAAAGCATTTACCAAGGATGTTTTCATTGATCAAGAACGAAAGT,425
ASV101,GAGGGCCAGCAGCTGCGGTAATTCCAGCTCCAATAGCGTATATTAATGTTGTTGCAGTTAAAAAGCTCGTAGTTGGATTTCTGGATTGAACGGCTGGCCTTGCGCGCAAGCGTTCGTGTCGGCTTCTTCGGTCCATCCTCAGGGGAACGTGCGCTGGCATTAACGTGTCGGTGTTCGGACGCCTGTCGTTTACTGTGAACAAATTAGAGTGTTCAAAGCAAGGTGTACTTGAATACATTAGCATGGAATAATAAGATAGGACTTTGGTGGTTCTTTTTGATATTTTGTTGGTTTGCACGCCAAAGTAATGATTAATAGGAGCAGTTGGGGGTATTCGTATTCAATTGTCAGAGGTGAAATTCTTGGATTTATAGAAGACGAACTACTGCGAAAGCATTTACCAAGGATGTTTTCATTAATCAAGAACGAAAGT,433
ASV102,CATTGCCAGCAGCCGCGGTAATTCCAGCTCCAATAGCGTATATTAAAGTTGTTGCAGTTAAAAAGCTCGTAGTTGGATTTTGGGTTCCGGTTTCGTTCGGTCTCCTATTGGTAGTACTGTCGAGCCGGCCCTTCTTCTCGAGGCCTATATGTGCGCTTCACCGTGTGTATATAGTGTTCGGGACTTTTACCGTGAGAAAATTAGAGTGTTCAAAGCAGGCTTTTGCTTGAATATTGCAGCATGGAATAATGGAATAGGATCATGATCTTATTTTGTTGGTTTCTAAGATCAAGATAATGATTAATAGGGATAGTTGGGGGCATTAATATTTAGTTGTCAGAGGTGAAATTCTTAGATTTACAAAAGATTAACTTCTGCGAAAGCATTTGCCAAGGATGTTTTCGTTAATCAAGAACGAAAGT,422
ASV103,TTGGACCAGCACCTGCGGTAATTCCAGCTCCAGTAGCGTATATTAAAGTTGTTGCAGTTAAAAAGCTCGTAGTTGGATTTCTGGCTTTATAGAACTGACCCGCCACGTTAGTGTGTGAGTGTCGGCTTCTATATGCCATCCTTCCACAGAACGTTTCTACTCTTGATTGAGCCGGATTCGCAATGTGGAACTTTTACTTTGAAAAAATTAGAGTGTTCAAAGCAGGCTTACGCTATGAATACATTAGCATGGAATAATAATCTAGGACTTTGGTTCTATTTTGTTGGTTTCTAGAACTGGAGTAATGATTGATAGGGATAGTTGGGGGTGCTAGTATTCAGCGGCCAGAGGTGAAATTCTTGGATTCGCTGAAGACTAACTTATGCGAAAGCATTCACCAAGGATGTCTTCTTTAATCAAGAACGAAAGT,430
ASV104,GTTAGCCAGCAGCTGCGGTAATTCCAGCTCCAATAGCGTATATTAAAGTTGTTGCAGTTAAAAAGCTCGTAGTTGGATTTCTGGTGAGAGTGACCGGTCTGCCGCTTGTCGGTGTGTACACGTGTCATCTGTCGCCATCCTTGGGGAGAGCGCGCCTGGCATTAAGTTGTCGGGCGTGGGATCCCCATCCTTTACTGTGAAAAAATTAGAGTGTTTAAAGCAGGCTTAAGCCGTTGAATACATTAGCATGGAATAATAAGATAGGACTTTGGTGGTCTATTTTGTTGGTTTGCACACCAAGGTAATGATTAATAGGGACAGTTGGGGGTATCCGTATTTCGTAGTCAGAGGTGAAATTCTTGGATTTACGAAAGACGAACTACTGCGAAAGCATTTACCAAGGATGTTTTCATTAATCAAGAACGAAAGT,430
ASV105,AAGGTCCAGCACCTGCGGTAATTCCAGCTCCAATAGCGTATATTATTGATGTTGCAGTTGAAACGTTCGTAGTCGAACTTTATCTGCTTAGGTATTGCGGCAGCTATGCTGTCACTATACTTTCAGCAGAGATAGTGCAAAGAACATAGCGCATGTTTCATGCGTCTATGCTTTTTGCACCTTACTTTGAGTGAATCGGCGTGTTCCACGCAGGCATATGCCTTGAACGATTTACCATAGTATAACCAGAGTATGAAAGCATCTTCTTGTCTGTTCGAAGGTGTTTTCTATACTGATAGGAACGGTTGAGGGCATTCGTATTCAACTGCCAGAGGTGAAATTCTTTGATTAGTTGAGGACGAACCATTGCGAAAGCATCTGCCAAGGACGTTTCCTTTGATCAAGAACGAAAGT,414
ASV106,CAGATCCAGCACCTGCGGTAATTCCAGCTCCAATAGCGTATATTAATTTTGTTGCAGTTAAAAGGCTCGTAGTCGAATTTATGGCTTTGCAGCCCTGTCCCATTATCAAGTATAATGAGTGGCGGTGGTTACTGGTCATCCTTCTGGAAAGCACTTCTGACCTTCACTGGTTCGGTTGTTGTAATCCAGATCATTTACTGTGAGTAAATCAAAGTGTTCAAAGCAGGCTTGTGAAGCTTGTATGCTCTAGCATGGAATAATAAGATAGGACTTGGGTTCTATTTTGTTGGCTTTCAGAACCAAAGTAATGATCGATAGGGATAGTTGGGGGTGCTAGTATTTAACGGTCAGCGGTGAAATGCTCAGACCCGTTAAAGACTAACTTATGCGAAAGCATTCACCAAGGATATCTTCTTTGATCAAGAACGAAAGT,433
ASV107,TCACACCAGCACCCGCGGTAATTCCAGCTCCAATAGCGTATATTAATGTTGTTGCAGTTAAAAAGCTCGTAGTCGGATTTCTGACAGAAGCGACCGGTCCGAGCCTTAGGGTTCGTGTTACTTTGTGTCGTCTTTAGTCATCCTTATGGAGAGCAAGTATTAGCATTAAGTTGTTGTACTTGGGACCCATATCTTTTACTGTGAAAAAATTAGAGTGTTCAAAGCAGGCAATCGCTGTGAATATATTAGCATGGAATAATAAGATAGGACGTTGGTACTATTTTGTTGGTTTGCATACCAAAGTAATGATTAACAGGAACAGTTGGGGGTATTCGTATTTTCATGTCAGAGGTGAAATTCTTGGATTATGGAAAGACGAACTACTGCGAAAGCATTTACCAAGGATGTTTTCATTGATCAAGAACGAAAGT,431
ASV108,GTTTTCCAGCACCCGCGGTAATTCCAGCTCCAATAGCGTATATTAAAGTTGTTGCAGTTAAAAAGCTCGTAGTTGGATTTCTGGTTGGAGCGGCAGGTCGGGCCCGCGAGGGTCATGTACTATAGTCTGTCTCCGGCCATCCTTGGGGAGAGCATGACTGGCATTCAGTTGTCGGTCTTGGGATCCTCATCTTTTACTGTGAAAAAATTAGAGTGTTCAAAGCAGGCCTCGGCCTCTGAATACATTAGCATGGAATAATAAGATAGGACTTTGGTGGTCTATTTTGTTGGTTTGCACGCCAAAGTAATGATTAATAGGGATAGTTGGGGGTATTCGTATTCAATTGTCAGAGGTGAAATTCTTAGATTTATGGAAGACGAACTACTGCGAAAGCATTTACCAAGGATGTTTTCATTAATCAAGAACGAAAGT,432
ASV109,TCTTACCAGCACCTGCGGTAATTCCAGCTCCAATAGCGTATACTAAAGTTGCTGCGGTTAAAAAGCTCGTAGTTGGATCTAGGATTAGGGCTACGGTCGTTCAGCTTGGACGTACTGTATGTCCGACTCCTTTTCTCCAGTATTCGATTGTTGCTCTTAAATGAGTGACTCTAGTTGCTGGAACTTTTACCTTGAAAAAATTGAAGTGCTCAAAGCAGGTCTCTGCCTGAACATTGCTGCATGGGATAATAGAATAAGATTTCGGTCTTATTTTGTTGGTTTCGGGACACGAAATAATGATTAATAGGGACAGACGGGGGCATTTGTATTGCTGCGTTAGAGGTGAAATTCTTGGATCGTAGCAAGACAAACTACTGCGAAAGCATTTGCCAAGAATGTTTTCATTAATCAAGAACGAAAGT,422
ASV110,TTGTTCCAGCAGCTGCGGTAATTCCAGCTTCAGTAGCGTATATTAAAGTTGTTGCAGTTAAAAAGCTCGTAGTCGCATTTCTGGCGAGAGGATCCGGTCCGACCTTTTGGTGGGTTCTTGGGTCTCTTTCGCCATCCTTGAGTGGTCCGTTCTGGCATTAGGTTGTCGGAGCGTCAGCCGCTCATCGTTTACTGTGAGAAAATTAGAGTGTTCAAAGCAGGCTTATGCCGTTGAATATATTAGCATGGAATAATAAGATAGGACCTCGGTGCTATTTTGTTGGTTTGCGCACAGAGGTAATGATGAACAGGGACAGTTGGGGGTATTTGTATTTCGTTGTCAGAGGTGAAATTCTTAGATTTACGAAAGACAAACTACTGCGAAAGCATTTACCAAGGATGTTTTCATTGATCAAGAACGAAAGT,425
ASV111,TTTATCCAGCACCTGCGGTAATTCCAGCTCCAATAGCGTATATTAAAGTTGTTGCAGTTAAAAAGCTCGTAGTTGGACCTTTGGCAAGGAGGCGTGGCTCAGAATACTGTACCGCGCCGCCGAGCCTCTTTTGGGGGCAGCGCCATTTATGGCGGCGAACCCGGGTTACTGTGAAGAAATTAGAGTGTTTAAAGCAGGCAATCGCTTGAATACATCAGCATGGAATAACAAGATAGGACTTGGTTCTACTTGTTGGTTTGGGAGCCAGAGTAATGATTAATAGGGCCAGTTGGGGGCATTAGTATTTAGCAGTCAGAGGTGAAATTCTTGGATTTGCTAAAGACTAACTAATGCGAAAGCATTTGCCAAGGATGTTTTCATTAATCAAGAACGAAAGT,398
ASV112,AATTGCCAGCAGCTGCGGTAATTCCAGCTCGCTTAGCATATATTATTGATGTTGCAGTTAAAACGTTCGTAGTCGACCTTTGTCTATTAATGTATATAAGGTCGTTGATCTTAATATGCTGTTTATAGATATTGTATAGCGTCCATTGTTTGTTTACAGACATTGTATGCTATACCTTACTTTGAGTGAATCGGCGTGTTCCACGCAGGCGTTAGCCTTGAACGATTTACCATAGTATAAATCATATTATGGCAATATTTCTCCGTTCGCTCGGGAATATTGTTCATAAAGAAAAGAACGGTCGAGGGCATTCATATTCAACTGCCAGAGGTGAAATTCTATGATTAGTTGAAGATGAACAAGGGCGAAAGCATTTGCCAAGGACGTTTCTGTTGATCAAGAACGAAAGT,410
ASV113,AGATACCAGCACCTGCGGTAATTCCAGCTCCAATAGCGTATATTTAAGTTGTTGCAGTTAAAAAGCTCGTAGTTGGATTTCGGTTGAGAACGGCCGGTCCGCCGTTTGGTGTGCACTGGCTGGTTTCAACTTCCTGTAGAGGACGTACTCTGGGTTAACGCTCGGATACGGAGTCTACGTGGTTACTTTGAAAAAATTAGAGTGTTCAAAGCGGGCTTACGCTTGAATATTTCAGCATGGAATAACACTATAGGACTCCTGTCCTATTTCGTTGGTCTCGGGACGGGAGTAATGATTAAGAGGAACAGTTGGGGGCATTCGTATTTCATTGTCAGAGGTGAAATTCTTGGATTTATGAAAGACGAACTTCTGCGAAAGCATTTGCCAAGGATGTTTTCATTAATCAAGAACGAAAGT,417
ASV114,TCCTGCCAGCAGCCGCGGTAATTCCAGCTCCAGTAGCGTATATTAAAGTTGTTGCAGTTAAAAAGCTCGTAGTTGGATTTCTGATTGACTGAGACGGCCCGGTCTCTTTTAGAGGCTGAGTGCTGTTTGTGGTTTATCATCCTTCCAGAAAGCTGTGCCTACCGCTTCTGCGGCCGGGCGCTGTGATCTGGATCTTTTACTTTGAAAAAATTAGAGTGTTTCAAGCAGGCTTATGCTTTGAATACATTAGCATGGAATAATAATATAGGACTTTGGTTCTATTTTGTTGGTTTCTAGGACTAAAGTAATGATTGATAGGGATAGTTGGGGGTGCTAGTATTCAGCGGCCAGAGGTGAAATTCTTGGATTCGCTGAAGACTAACTACTGCGAAAGCATTCACCAAGGATGTCTTCTTTAATCAAGAACGAAAGT,433
ASV115,TAGGGCCAGCAGCCGCGGTAATTCCAGCTCCAGTAGCGTATATTAAAGTTGTTGCAGTTAAAAAGCTCGTAGTTGGATTTCTGGCTCGACGGAGCTGACCCGCGGCGCAAGCCGTGAGTGTCGGTCTCGGTCTGCCATCCTTCCAGAGAACGTTCCTACCCTTCACTGGGCCGGGTTCGCAATCTGGGACTTTTACTTTGAGGAAATTAGAGTGTTCAAAGCAGGCTTGCGCTGTGAATACATTAGCATGGAATATCAACTTAGGACTTTGGTTCTATTTTGTTGGTTTCTAGGACTGAAGTAATGATTGATAGGGATAGTTGGGGGTGCTAGTATTTCGTGGCCAGAGGTGAAATTCTTGGATTCACGAAAGACTAACTTATGCGAAAGCATTCACCAAGGATGTCTTCTTTAATCAAGAACGAAAGT,429
ASV116,GAGATCCAGCACCTGCGGTAATTCCAGCTCCAATAGCGTATATTAATGTTGTTGCAGTTAAAAAGCTCGTAGTTGGATTTCTGGTCTAAGCGCCTGGCCGGCTCCGCAAGGGGTCGTGCATGGGTACCTTGGTCCATCCTCAGGGGAACTGTCACTGGTATTCATTTATCGGTGTTGGGACGCCTGTCGTTTACTGTGAACAAATTAGAGTGTTCAAAGCAAGGTGTACTTGAATACATTAGCATGGAATAATAAGATAGGACTTTGGTGGTTCTTTTTGATATTTTGTTGGTTTGCACGCCAAAGTAATGATTAATAGGAGCAGTTGGGGGTATTCGTATTCAATTGTCAGAGGTGAAATTCTTGGATTTATAGAAGACGAACTACTGCGAAAGCATTTACCAAGGATGTTTTCATTAATCAAGAACGAAAGT,434
ASV117,GGATGCCAGCACCTGCGGTAATTCCAGCTCCAGTAGCGTATATTAAAGTTGTTGCAGTTAAAAAGCTCGTAGTTGGATTTCTGGTTGACCGCGTATGGTCTGGTGTCTCTGATACTGTGAACCGTCGCGTGTTTACCATCCTTCCAGAAAGTTGTGCCTACCGCCTCGTGCGGCAGGGCGCTGCGATCTGGATCGTTTACTTTGAAAAAATTAGAGTGTTTCACGCAGGCTTACGCCTTGAATACATTAGCATGGAATAATAACATAGGACTTCGTTTTCTTATTTTGTTGGTTTTCAGAACCGGGGTAATGATTGATAGGGACAGTTGGGGGTGCTAGTATTCAGCGGCCAGAGGTGAAATTCTTGGATTCGCTGAAGACTAACTACTGCGAAAGCATTCACCAAGGATGTCTTCTTTAATCAAGAACGAAAGT,435
ASV118,GAAACCCAGCAGCCGCGGTAATTCCAGCTCCAATAGCGTATACTAAAGTTGTTGCAGTTAAAAAGCTCGTAGTTGAATTTCTGGTCTTGGACAGCGGTCTGCCTCAAACGAGGTACGCACCATCTGTCCGAGTCCATCCTCGGGGAAAACATGTCTGTGATTTAGTTCATGGGTATGGGATCCTCGTCATTTACTGTGAGCAAAATAGAGTGTTCAAAGCAGGCTTATGCCGTTGAATACATTAGCATGGAATAATAAGATAAGACCTTGGTCTATTTTGTTGGTTTGTACTCCAAGGTAATGATTAATAGGGATAGTTGGGGGTATTCGTATTCAATTGTCAGAGGTGAAATTCTTGGATTTATGGAAGACGAACTACTGCGAAAGCATTTACCAAGGATGTTTTCATTAATCAAGAACGAAAGT,426
ASV119,GCGGGCCAGCACCTGCGGTAATTCCAGCTCCAATAGCGTATATCACAGTTGTTGCAGTTAAAAAGCTCGTAGTCGAGACGAATACCTGTTGATCCCGCTTCTTCTTGAGGCAGGCATCATTTGGTTAGGGCTATATAGCCTCAGTTACTTTGAGAAAATTTGAGTGTTTCAGGCGGGCCAGTGCTGGAATAGTGTACCATGGAATAACGAAATGGCTGACTTCTCGTTTCTTCTTTTTTGAGAAGGCAGTACGTGATTGATAGGAACAGTCGGGGGCACTCGTATTGAACAGTCAGAGGTGAAATTCTTAGATTTGTTCAAGACGAACCGATGCGAAGGCGTCTGCCTAGGATGTCTTCGGTTTGATCAAGAACGAAAGT,380
ASV120,TTCGGCCAGCAGCTGCGGTAATTCCAGCTCCGAAAGCGTATATTAAAATTGTTGCAGTTAAAAAGCTCGTAGTTGGATTTCTGGTCGCCTGCGCGCTAACCGGCCCCGTTAGGGGTGTGTGTGTAGCTGCGCGGGTGCCATCCTTCTGGAACTTGAGTTTCGCCTTCACTGGCTGAGACTTGGGTACCAGATCTTTTACTTTGAAAAAATTAGAGTGTTTAAAGCAGGCTTTTGCCAGTGAATACATTAGCATGGAATAATAATTTAGGACTTTCGTTCTATTTTGTTGGTCATAGGAAGAAAGTAATGATTGATAGGGATAGTTGGGGGTGCTAGTATTTAACGGCCAGAGGTGAAATTCTATGATCCGTTAAAGACTGCCTAACGCGAAAGCATTCACCAAGGATGTCTTCTTTAATCAAGAACGAAAGT,432
ASV121,GATGTCCAGCAGCCGCGGTAATTCCAGCTCCAATAGCGTATATTAAAGTTGTTGCAGTTAAAAAGCTCGTAGTTGAATTTTGGGTCTGGTTGGATGGTCTTGTCGCAAGATAGGTACTTTCCGGCCGGATCTTTCCTTCTGGCGAACTATTGTGCTATTCATTTAGTGTGATAGGGATCCAGGACTTTTACTTTGAGAAAATTAGAGTGTTCAAAGCAGGCTTACGCTTGAATATATTAGCATGGAATAATAGAATAGGACTTTGGTTCTATTTTGTTGGTTTCTAGGACCGAAGTAATGATTAATAGGGACAGTTGGGGGTATTAGTATTTAATTGTCAGAGGTGAAATTCTTGGATTTATGAAAGACTAACTTCTGCGAAAGCATTTACCAAGGATGTTTTCATTGATCAAGAACGAAAGT,423
ASV122,TTTTTCCAGCAGCTGCGGTAATTCCAGCTCCAATAGCGTATATTAATGTTGTTGCAGTTAAAAAGCTCGTAGTTGGATTTCTGACAAGAGCGACCGGTCCTAGCCTTATGGTTGGTGTACTTTGTGTTGTCTCTAGTCATCCTTATGGAGAACGTGTGTGGCATTAAATTGCCGAGCATGGGACCCATATCGTTTACTGTGAAAAAATTAGAGTGTTCAAAGCAGGCAATCGCTGTGAATACATTAGCATGGAATAATAAGATAGGACCCTGGTACTATTTTGTTGGTTTACATACCAAGGTAATGATTAAGAGGGACAGTTGGGGGTATTCGTATTTAATTGTCAGAGGTGAAATTCTTGGATTTATGAAAGACGAACTACTGCGAAAGCATTTACCAAGGATGTTTTCATTAATCAAGAACGAAAGT,429
ASV123,GATTTCCAGCAGCTGCGGTAATTCCAGCTCCAACAGCGTATATTAAAGTTGCTGCAGTTAAAACGCTCGTAGTTGTTCGCCCGCCGGCCGTTCGACACACGTCGACCGGCTAGCATTGTAGACTCACGTCTGCTCGTACTTTGAGGAAAGATCCGTGTCCCACGCAAGTCTTGTTGTCCTCCGCAGCATGGTATGTTGTTGCCAGGGGGGTGGACTCGTCTCCCCGCCCCCCTTCCATATAGAAGTTCCATGGGGTGTGCGTACTTTGATGTCAGAGGTGAAATTCCTAGATTTTCAAAAGACGAACAAGTGCGAAAGCATTAACCAGAAGATTTTTCATTAATCAAGAACGAAAGT,357
ASV124,GGGGGCCAGCAGCCGCGGTAATTCCAGCTCCAATAGCGTATATTTAAGTTGTTGCAGTTAAAAAGCTCGTAGTTGGATTTCGGATGAATGCGACCGGTCCGCCGTTTCGGTGTGTACTGGTTACGTTTATCTTGCTGTCGGGGACGCGCTCCTGGCCTTAACTGGCTGGGACGTGGAGTCGGCGAAGTTACTTTGAAAAAATTAGAGTGTTCAAAGCAGGCCTACGCTCTGAATACATTAGCATGGAATAACGCGATAGGACTCTGGTCTTATTTCGTTGGTCTTCGAGACCGGAGTAATGATTAAGAGGGACAGTTGGGGGCATTCGTATTTCATTGTCAGAGGTGAAATTCTTGGATTTATGAAAGACGAACTTCTGCGAAAGCATTTGCCAAGGATGTTTTCATTAATCAAGAACGAAAGT,424
ASV125,TGAGGCCAGCACCTGCGGTAATTCCAGCTCCAATAGCGTATATTAAAGTTGTTGCAGTTAAAAAGCTCGTAGTTGGATTTCTGGGCCGGAGAGCTGGTCTCGCCCGCAAGGGCGCTGCACCGTGCTCTGCCGGCTCATCCTCGGGTGGGTCCGTACTGGCATTAGGTTGTTGGTTCGGGGAAGCCCGTCTTTTACTGTGAAAAAATTAGAGTGTTCAAAGCAGGCTTAAGCCGTTGGATACATTAGCATGGAATAATGAGATAGGACCGTGGTGTTTTATTTTGTTGGTTTGCACGCCAAGGTAATGATTAATAGGGACAGTTGGGGGTATTCGTATTCAATTGTCAGAGGTGAAATTCTTGGATTTATGGAAGACGAACTACTGCGAAAGCATTTACCAAGGATGTTTTCATTAATCAAGAACGAAAGT,430
ASV126,AATGACCAGCACCCGCGGTAATTCCAGCTCCAGTAGCGTATATTAAAGTTGTTGCAGTTAAAAAGCTCGTAGTTGGATTTCTGGCCTGACGTGTCTGACCCGCCGCAGATCATGTGTGTGAGTGTCGGTACGCGTCTGCCATCCTTCTGGAAAACGTGTCTACCTTTCATTAGGCCGGATACGCGATCCAGATCTTTTACTTTGAAGAAATTAGAGTGTTCAAAGCAGGCTTGCGCTATGAATACATTAGCATGGAATAATAATTTAGGACTACGGTTCTATTTTGTTGGTTTCTAGGACTGAAGTAATGATTGATAGGGATAGTTGGGGGTGCTAGTATTCAGCGGCCAGAGGTGAAATTCTTGGATTCGCTGAAGACTAACTTATGCGAAAGCATTCACCAAGGATGTCTTCTTTAATCAAGAACGAAAGT,433
ASV127,TTTTTCCAGCACCCGCGGTAATTCCAGCTCCAATAGCGTATATTAAAGTTGTTGCGGTTAAAACGCTCGTAGTTGGGTTTCTGTCGGAAACAACTGGTCTCCCCTAGCGGCGAGTACTTGTTCTGTTTCTGGCATCTTCTTGGGGAACGAGTGCGCACTTTATTGTGTGGCTCGGAAACCAGGACATTTACTTTGAGGAAATGAGAGTGCTTCAAGCGGGTGTCCGCCACGAATACGTTAGCATGGAATAATAGCATTGGACCTCGGATCATAGCTGTTGGTTGCTAGAACCGGGGTGAGGGTAAACAGGGACAGTTGGGGGCATTCGTATTTAACTGTCAGAGGTGAAATTCTTGGATTTGTTAAAGACGGACTACTGCGAAAGCATTTGCCAAGGATGTTTTCATTGATCAAGAACGAAAGT,424
ASV128,GTAGGCCAGCACCCGCGGTAATTCCAGCTCCAATAGCGTATATTAAAGTTGTTGCAGTTAAAAAGCTCGTAGTTGGATTTCTGGTTAGATTCGGTTGGCCCACCTGCACTTGTAGGTCGGTGCCGACTTGAGTCTGCCATCTTTCTAGAAAACGTGCCTGCCCTTCAATGGGTTGGGCATGGGATCTAGATCTTTTACTTTGAAAAAATTAGAGTGTTTAAAGCAGGCAATTTGCTATGAATACATTAGCATGGAATAATAATTTAGGACTTCGTGTCTTATTTTGTTGGTTTCTAGGACCGAAGTAATGATTGATAGGGATAGTTGGGGGTGCTAGTATTCAGCGGCCAGAGGTGAAATTCTTAGATTCGCTGAAGACTAACTTATGCGAAAGCATTCACCAAGGATGTCTTCTTTAATCAAGAACGAAAGT,433
ASV129,TGGTGCCAGCACCTGCGGTAATTCCAGCTCCAATAGCGTATATTAAAGTTGTTGCGGTTAAAAAGCTCGTAGTTGGATTTCTGCTGAGGACGACCGGTCCGCCCTCTGGGTGAGCATCTGGCTCGGCCTTGGCATCTTCTTGGAGAACGTTACTGCACTTGATTGTGTGGTGCGGTATCCAGGACTTTTACTTTGAGGAAATTAGAGTGTTTCAAGCAGGCGCACGCCTTGAATACATTAGCATGGAATAATAAGATAGGACCTTGGTTCTATTTTGTTGGTTTCTAGAGCTGAGGTAATGATTAATAGGGATAGTTGGGGGCATTCGTATTTAACTGTCAGAGGTGAAATTTTTGGATTTGTTAAAGACGGACTACTGCGAAAGCATTTGCCAAGGATGTTTTCATTGATCAAGAACGAAAGT,424
ASV130,TCATACCAGCAGCCGCGGTAATTCCAGCTCCAATAGGATATATCAAAGTTGTTGCAGTTGAAAAGCTCGTAGTCGTATTTTTGATGGGTTGATGTTCCAACGCAGGCTTGACGAAAGTCGAGTTTGGTTCGGGGCCGCCTGTCATTTTGTGGGCCAAAGTTAAGTTTGTGTGCGCAAGCATGTATTCTTGACTCCACTCCGTCACTGAGAGCAAATTGGAGTGCTCAAAGCAGGCTTTACAGCTTTGAACGTCTTAGCTTGGAATGACAAAGTACGACTACTCGTTCACTTTGTTGGTTATGAATGGGAAGTAATGATAAATAGGAACAGTTGCGGGGGTACTCGTACTGGAAAGTCAGAGGTGAAATTCTTGGATTTTTCCACGACGAACGACTGCGAAAGCATTTACCAAGGATGTTTTCATTGATCAAGAACGAAAGT,441
ASV131,CATTACCAGCAGCTGCGGTAATTCCAGCTCCAATAGCGTATATTAAAGTTGTTGCAGTTAAAAAGCTCGTAGTTGTATTTCTGGCAGAAGTGACCGGTCCGCCTCGCAAGAGGTGTGTACTAGCGTTGCCTTCGGCCTTCTTTGTGGAGAGCAGTTCTGGCATTAGGTTGTCGGGGCTGGGACCCGCATCGTTTACTGTGAGAAAATCAGAGTGTTCAAAGCAGGCTTACGCCGCTGAATACATTAGCATGGAATAATAAGATAAGATCTCGGTGGTCTATTTTGTTGGTTTGCACACCAAGATAATGATTAACAGGGACAGTTGGGGGTATTCGTATTTAATTGTCAGAGGTGAAATTCTTGGATTTCTGAAAGACGAACTACTGCGAAAGCATTTACCAAGGATGTTTTCATTAATCAAGAACGAAAGT,431
ASV132,CTTCTCCAGCAGCTGCGGTAATTCCAGCTCCAATAGCGTATATTAATGTTGTTGCAGTTAAAAAGCTCGTAGTTGGATTCCTGGCTTGGGGTAACCGGTCCGTCTAGCAATAGATGCGCACTGTGTGGCCTCGGCCATCCTTGGGGAGAGCGGTTCTGGCATTCAGTTGTCGGGGCCGGGATCCCTAACGTTTACTGTGAAAAAATCAGAGTGTTCAACGCAGGCTTACGCCTTGAATACATTAGCATGGAATAATGAGATAGGACCTTGGCGGTCTATTTTGTTGGTTTGCACGCCGAGGTAATGATTAACAGGGACGGTTGGGGTTCTTCGTATTCAATTGTCAGAGGTGAAATTCTTGGATTTATGGAAGACGAACTGCTGCGAAAGCGTCGAACAAGGACGTTCTCATTAATCAAGAACGAAAGT,429
ASV133,GGGGCCCAGCACCTGCGGTAATTCCAGCTCCAGTAGCGTATATTAATGTTGCTGCAGTTAAAAAGCTCGTAGTTGGATTTCTAGCCGACTTGCGTGGTCCGCCACTCCTAGAGTGCGTGAGTACCGCTGCGTGTCGTCTATCCTATCAGAGATTCTGAGCTCCGGCTCAGTCTATCTGGTTCTTTTACTTTGAAAAAATTAGAGTGTTTAAAGCAGGCGTTGCGCATTGAATACATTAGCATGGAATAATAACATAGGACTTCGGTCTCTATTTTGTTGGTTTCTAGAACTGAAGTAATGATTGATAGGGACAGTTGGGGGTGCTAGTATTGAGCGGCCAGAGGTGAAATTCTCGGATTCGCTCAAGACTAACTTATGCGAAAGCATTCACCAAGGATGTCTTCTTTAATCAAGAACGAAAGT,423
ASV134,TGGTGCCAGCACCTGCGGTAATTCCAGCTCCAATAGCGTATATTAAAGTTGTTGCGGTTAAAAAGCTCGTAGTTGGATTTCTGCTGAGGACGACCGGTCCGCCCTCTGGGTGAGCATCTGGCTCGGCCTTGGCATCTTCTTGGAGAACGTTACTGCACTTGATTGTGTGGTGCGGTATCCAGGACTTTTACTTTGAGGAAATTAGAGTGTTTCAAGCAGGCGCACGCCTTGAATACATTAGCATGGAATAATAAGATAGGACCTTAGTTCTATTTTGTTGGTTTCTAGAGCTGAGGTAATGATTAATAGGGATAGTTGGGGGCATTCGTATTTAACTGTCAGAGGTGAAATTCTTGGATTTGTTAAAGACGGACTACTGCGAAAGCATTTGCCAAGGATGTTTTCATTGATCAAGAACGAAAGT,424
ASV135,GAGGTCCAGCACCCGCGGTAATTCCAGCTCCAATAGCGTATATTAATGCTGCTGCGGTTGAAACGCTCGTAGTTGGACCTTGGGGTGGGTGCTGGGTTCGGCCTCCGGGCTGTATCCCAGTAGCTATCCTTATGCCGTTATCCACCCCCCTCAGCTTGCTGGGGATCAGGGGTGATAGTGGCCGGTTACTTTGAAGAAATTAGAGTGTTCAAAGCAGGCCAACGCCTTGAATACATTAGCATGGAATAACAGAATAGGACTTTGGTCTTGTTGTGTTGGTTTCCGGGACTAGAGTAATGATTAATAGGGATAGTTGGGGGCATTCATATTGGGCCGTCAGAGGTGAAATTCTTGGATTGGCCCAAGATGAACTACTGCGAAAGCATTTGCCAAGGATGTTTTCATTAATCAAGAACGAAAGT,422
ASV136,TGCAACCAGCAGCTGCGGTAATTCCAGCTCCAATAGCGTATATTAAATTTGTTGCAGTTAAAAAGCTCGTAGTTGAATTTTAGGTGTGGTTCAGCGGTCAACCGATTGGTTCGTACTGTGTGAATGCGCCTCTACTTCTAGTGCCGTCGGGTGCTCTTTACTGGGTGCCTGGCCAAGCTAGAAACCGTACCGTGAATAAATCAGAGTGTTCAAAGCAGGCATACGCTTGAATGTGTTAGCATGGAATAACTAAATAGGACATTGGTTCTATTTCGTTGGTTTGAGAGCCAGTGTAATGATTAACAGGGACAGTTGGGGGCATTAGTATTCCATTGTCAGAGGTGAAATTCTTGGACCAATGGAAGACTAACTACTGCGAAAGCATTTGCCAAAGATGTTTTCATTAATCAAGAACGAAAGT,421
ASV137,AGTAACCAGCAGCTGCGGTAATTCCAGCTCCACCAGTGTATATCTATGCTGCTGCGGTTAAAAAGCTCGTAGTTGGATCTGCGTGCTTGAAGTCGGTCCACCTGATCAGGTTGGTTCTGATATTCAGCACTAAATAGCTAGTTTTCCTTTGTTGCCTTTAACCGGGTGACCTAGGTGTCTAGCAAGTTTACTTTGAAAAAATTAGAGTGCTCAAAACAAGCGTTTAGCTTGAATATTCGTGCATGGAATAATAGAATAGGACCTTGGTTCTATTTTGTTGGTTTTCGGAACACGAGGTAATGATTAAGAGGGACAGACGGGGGCATTCGTATTGCGACGTTAGAGGTGAAATTCTTGGATCGTCGCAAGACGAACTACTGCGAAAGCATTTGCCAAGAATGTTTTCATTAATCAAGAACGAAAGT,425
ASV138,CGTTGCCAGCAGCTGCGGTAATTCCAGCTCCAACAGCGTATATTAAAGTTGCTGCAGTTAAAACGCTCGTAGTTGTTGTCCAACTATACGCTCCGTTCACTGAGTGGAAGGAGTAAATAGTTTAGCTGAAATTATTTTCGGCCAAAACCTTGAGGAAAGATTAGTGTTCCAAGCAGTTGTTTTTGTCCTCCCCAGCATGGTATTCAACCCAATCGAAGGAGATTGTCGAGTCTCCATCAATCTAAATAGAAATTCAAGGGGGTATACGTACTTTAATGTCAGAGGTGAAATTCCTAGATTTTTAAAAGACGGTCAATTGCGAAAGCATTCACCAAGCGACTCTTCTTTGATCAAGAACGAAAGT,364
ASV139,GCCGTCCAGCACCCGCGGTAATTCCAGCTCCAATAGCATATATTAAAGTTGTTGCAGTTAAAAAGCTCGTAGTTGGATTTCTGGCATGATGCGCCTGGCCCGCGCCGATTACGGTTGTGTGTGCTAGTGCGCGTCTGCCATCCATTTGCAGAATGTATCTACCCTTCATTGGGCCGGATACGTGATGTAAATCTTTTACTTTGAAAAAATTAGAGTGTTTAAAGCAGGCATTTGCTATGAATACATTAGCATGGAATAATAATCTAGGACTTCGGTTCTATTTTGTTGGTTTCTAGATCTGGAGTAATGATTGATAGGGATAGTTGGGGGTGCTAGTATTAAGGGGCCAGAGGTGAAATTCTTGGATTCTCTTAAGACTAACTTATGCGAAAGCATTCACCAAGGATGTCTTCTTTAATCAAGAACGAAAGT,432
ASV140,CTCAGCCAGCAGCTGCGGTAATTCCAGCTCCAATAGCGTATATTAAAGTTGTTGCGGTTAAAAAGCTCGTAGTTGGATTTCTGTACGAGAGCACCGGTCCGCATTTTGTGCGTGTATCTGGTAGAACTTGTGCATCCTCTTATTTTCAAATCTGCGCTTCATTGCGTGGTTTTGTGGATAAGACTTTTACTTTGAGGAAATTAGAGTGTTCACGGCAGGCAAGCGCCCTGAATATGTTAGCATGGAATAATAATATAAGACTTCGGTTTTATTTTGTTGGTTTCTAAAGCTGAAGTAATGATTAATAGGAACAGTTGGGGACACTTGTATTAACTCGCTAGAGGTGGAATTCTTGGATTGAGTTACGACAAACTACTGCGAAAGCATTTGTCAAGGATGTTTTCATTGATCAAGAACGAAAGT,423
ASV141,CGATTCCAGCACCTGCGGTAATTCCAGCTCCGCCAGTGTATATCTATGCTGCTGCGGTTAAAAAGCTCGTAGTTGGATCTGCATGTTTCGACCCGGTCCGCCTGTGTAGGCGTGAACTGGAGTCGAGCATATTATGGCTGGTTTTCGCTTGATGCACTTTATTGTGTGTCCTGCGTGGCTAGCAAGTTTACTTTGAAAAAATTAGAGTGCTCAACACAAGCGACTCGCTTGAATACTGGTGCATGGAATAATAGAATAAGATCTTGGTTTTATTTTGTTGGTTTTCGAAACACGAGATAATGATTAAGAGGGACAGACGGGGGCATTTGTATTGCGACGCTAGAGGTGAAATTCTTGGATCGTCGCAAGACAAACTACTGCGAAAGCATTTGCCAAGAATGTTTTCATTAATCAAGAACGAAAGT,425
ASV142,AGAGCCCAGCACCCGCGGTAATTCCAGCTCCAATAGCGTATATTAAAGTTGTTGCAGTTAAAAAGCTCGTAGTTGGATTTCTGACTTTGACATTCGGTCCATTTGCCTTTGGCATTTGAGTACTTTGTGATGTTGTAGTCATTTTTTGTGAGAGAGATTTGCTGCCATTAAGTTGGTGGCTTTTCAATCTTGCATCTTTTACTGTGAAAAAATTAGAGTGTTTAAAGCAGGCGTTTGCCAAATTTTTGAATACATTAGCATGGAATAATAAGATATGACTTTGGTGGTCTATTTTGTTGGTTTGCACACTAGAGTAATGATTAATAGGGACAGTTGGGGGTATTTATATTCCGTCGTCAGAGGTGAAATTCTTGGATCGGCGGAAGATAAACTAATGCGAAAGCATTTACCAAGGATGTTTTCATTAATCAAGAACGAAAGT,442
ASV143,GTCGGCCAGCAGCCGCGGTAATTCCAGCTCCAATAGCGTATACTAAAGTTGTTGCGGTTAAAAAGCTCGTAGTTGGATCTGAGACTGTGGGCAGAGGTCCTCTAATGAGTTGTACTTCTCGCTCCGGTCTAATCTGTTGGTTGGTGTGCAGTGCTCTTTACTGAGTGTTGTACGCTGCCAACATCTTTACTTTGAAGAAATTAGAGTGCTCAAAGCAGGCGACTGCTCGAATATTGGTGCATGGAATAATGGAATAGGGCCTTGGCTCTATTTTGTTGGTTTTAAGAGCACGAGGCAATGATTAAGAGGAACAGACGGGGGCATTCGTATTGCGGGGTTAGAGGTGAAATTCTTAGATCCTCGCAAGACGAACAACTGCGAAAGCATTTGCCAAGAATGTTTTCATTAATCAAGAACGAAAGT,423
ASV144,TGTTTCCAGCAGCCGCGGTAATTCCAGCTCCAATAGCGTATATTAAAGTTGTTGCAGTTAAAAAGCTCGTAGTTGGATTTCTGGGAGGGTGCCAATGTCCGCCGACGTGCGTGCGCAGCGGCGCCCTTCCATCCTTCTGTTAACGCCTCTTGGCATTCATTTGCTGGTGGCGGGCTCAGATATTTTACCTTGAGAAAATTAGAGTGTTTCAGGCAGGCTAGGCCGGAATACATTAGCATGGAATAATGGAATAGGACTACGGTCTCTTTGTTGGTTTGAGGGACTGCAGTAATGATTAATAGGGACAGTTGGGGGCATTAGTATTTAATTGTCAGAGGTGGAATTCTCAGATTTGTTAAAGACTAACTTATGCGAAAGCATTTGCCAAGGATGTTTTCATTAATCAAGAACGAAAGT,417
ASV145,AGAGGCCAGCACCTGCGGTAATTCCAGCTCCAATAGCGTATATTAAAGTTGTTGCAGTTAAAAAGCTCGTAGTTGGATTTCTGGTTAGAGGCGAGAGCGCACTTGTGTGAGGCTCGAGTCTTTTGCCATCCTTCTGTTAACCTTTCTCGACATTCACTTGTCGGTTTGGGGCTCAGTTATTTTACCTTGAGAAAATTAGAGTGTTTCAGGCAGGCTTGTGCCCGGATACATTAGCATGGAATAATGGAACAGGACTTTAGCCTCTTCTGTTGGTCTGAGGGGTTGAAGTAATGATTAATAGGGATAGTTGGGGGCATTAGTACTTAACTGTCAGAGGTGAAATTCTCGGATTTGTTAAAGACTAACTTATGCGAAAGCATTTGCCAAGGATGTTTTCATTAATCAAGAACGAAAGT,416
ASV146,AGGTACCAGCAGCCGCGGTAATTCCAGCTCCAATAGCGTATATTAAAGTTGTTGCAGTTAAAAAGCTCGTAGTTTTATTTCTGTTGGAGGCATCCGGTCCGCCTTCGGGTGTGTACCTGGTTTGGCTTCAGCATCCTTCTGGAGAACGTGCTGCATTTCATTATGTGGTTCGGTATCCAGAACCTTTACTTTGAGAAAATTAGAGTGTTTCAAGCAGGCTTCTGCCTTGAATACTACAGCATGGAATAATAAGATAGGACTTCGGTCCCATTTTGTTGGTTTCTTGGACTGAAGTAATGATTAATAGGGATAGTTGGGGGCATTCGAATTTTAGAGTAAGAGGTGAAATTCTATGATTTCTAAAAGACGAACTACTGCGAAAGCATCTGCCAAGGATGTTTTCATTAATCAAGAACGAAAGT,422
ASV147,AGCCGCCAGCAGCCGCGGTAATTCCAGCTCTAATAGCGTATATTAAAGTTGTTGCGGTTAAAAAGCTCGTAGTTGGATTTTGGAACCTTTACAGTCGGTCCGGTGTAAACCGCGCACCGACAGTTGGGTTCTTCTGTCTAGAACCTTCGCGTTTTCCTCTTAATTGAGGGGCGTGTTGTGTCTAGGACTTTTACTTTGAACAAATTAGAGTGTTTAAAGCAGGCCTATGCCTTGAATACATTAGCATGGAATAATCGAATAGGACTTTGGTTCTATTTTGTTGGTTTTAAGGACCGAAGTAATGATTAATAGGGATAGTTGGGGGCATTAGTATTTAATTGTCAGAGGTGAAATTCTTAGATTTATGAAAGACTAACTTCTGCGAAAGCATTTGCCAAGGATGTTTTCATTAATCAAGAACGAAAGT,427
ASV148,TTTGTCCAGCACCTGCGGTAATTCCAGCTCCAATAGCGTATATTAAAGTTGTTGCAGTTAAAACGCTCGTAGTCGGATTTCGGGGCGGGGCGGCCGGTCTGCCGATGGGTACGCACTGGTCGCCGCGCTCTTCTTGCCGGAGGCGCGGCCTACTCTTCACTGAGCGGGCCGTGAACTCGGCACGTTTACTTTGAAAAAATCAGAGTGTTTCAAGCAGGCAGCTCGCTCTTGCATGGATTAGCATGGGATAATAAAATAGGACTTTGGTGCTATTTTGTTGGTTTCGAACACCAGAGTAATGATTAACAGGGACAGTCAGGGGCACTCGTATTCCGCCGAGAGAGGTGAAATTCTTAGACCAGCGGAAGACGAACAACTGCGAAAGCATTTGCCAGGGATGTTTTCACTGATCAAGAACGAAAGT,424
ASV149,GTTGTCCAGCAGCTGCGGTAATTCCAGCTCCAATAGCGTATATTAAAGTTGTTGCGGTTAAAAAGCTCGTAGTTGGATTTCTGCTGAGGACGACCGGTCCGCCCTCTGGGTGAGTATCTGGCTCGGCCTGGGCATCTTCTTGGAGAACGTAGCTGCACTTGACTGTGTGGTGCGGTATCCAGGACTTTTACTTTGAGGAAATTAGAGTGTTTCAAGCAGGCACACGCCTTGAATACATTAGCATGGAATAATAAGATAGGACCTTGGTTCTATTTTGTTGGTTTCTAGAGCTGAGGTAATGATTAATAGGGATAATTGGGGGCATTCGTATTTAACTGTCAGAGGTGAAATTCTTGGATTTGTTAAAGACGGACTACTGCGAAAGCATTTGCCAAGGATGTTTTCATTGATCAAGAACGAAAGT,424
ASV150,TGTGTCCAGCACCCGCGGTAATTCCAGCTCCAATAGCGTATATTAAAGTTGTTGCAGTTAAAACGCTCGTAGTCGGATTTCGGGGCGAACCCGCCGGTCTGCCGTTGGGTATGCACTGGTGGGCGCGTCCTTCCTTCCGGAGACCGTTCCTACTCTTAGCTGAGCGGGGACGGGAGACGGATCGTTTACTTTGAAAAAATCAGAGTGTTTCAAGCAGGCATTTGCTCTTGCATGGATTAGCATGGGATAATGAAATAGGACTTTGGTGCTATTTTGTTGGTTTCGAACACCGAAGTAATGATTAACAGGGACAGTCAGGGGCACTCGTATTCCGCCGAGAGAGGTGAAATTCTCAGACCAGCGGAAGACGAACCACTGCGAAAGCATTTGCCAGGGATGTTTTCACTGATCAAGAACGAAAGT,423
ASV151,CGTGACCAGCACCTGCGGTAATTCCAGCTCCAATAGCGTATATTCAAGTTGTTGCAGTTAAAAAGCTCGTAGTTGAATTTTGGTCCTGGTTAGGTGGTTTGGTCGCAAGATCAACACTGCCTTGGCCGGGACTTTCCTTCTAGGGAACTAATGTGCTCTTTATTGAGTGCGCTAGGGATCTAGGACTGTTACTTTGAAAAAATTAGAGTGTTTAAAACAGGCTTATGCTTGAATACATTAGCATGGAATAACGGAATAGGACTTTGTTTCTATTTTGTTGGTTTTCAGAAACGAAGTAATGATTAATAGGGATAGTTGGGGGTATTAGTATTCCATAGTCAGAGGTGAAATTCTTGGATTTATGAAAGACTAACTTCTGCGAAAGCATTTACCAAGGATGTTTTCATTAATCAAGAACGAAAGT,424
ASV152,CCGTGCCAGCAGCTGCGGTAATTCCAGCTCCAATAGCGTATATTAAAGTTGTTGCAGTTAAAAAGCTCGTAGTTGAACCTTGGGCTAGGTCGATCGGTCTGCCGAAAGGTACGTACTGAATTGCCTGGTCTTTCCTTCTGTGGACCGTTGGTTTCGGCCGGCGGGCAAACAGGACTTTTACTTTGAAAAAATTAGAGTGTTTAAAGCAGGCTTACGCTTGAATACATTAGCATGGAATAATGAAATAGGACTTTGGTACTATTTTGTTGGTTTTCAGGACCAAAGTAATGATTAATAGGGATAGTTGGGGGCATTAGTATTGCAGAGTCAGAGGTGAAATTCTTGGATTTCTGCAAGACTAACAACTGCGAAAGCATTTGCCAAGGATGTTTTCATTAATCAAGAACGAAAGT,413
ASV153,ACGTGCCAGCAGCTGCGGTAATTCCAGCTCCAATAGCGTATATTAAAGTTGTTGCAGTTAAAAAGCTCGTAGTTGGATTTCTGGTCTAGGTTATCGGTCGTCGTGCGTATGCGCGATTGCACTTGTATGACTTGGGTCATTTTTTGTGAGGATGTGCTTCTGGCATTAAGTTGTCGGGGGTATGGACTTGCATCGTTTACTGTGAAAAAATTAGAGTGTTTAAAGCAGGCGTTGGCCATTTTTGAATACATTAGCATGGAATAATAAGATACGACTTTGGTGGTCTATTTTGTTGGTTTGCACACCAGAGTAATGATTAATAGGGACAGTTGGGGGTATTCATACTTCAGCGTCAGAGGTGAAATTCTTGGATCGCTGAAAGATGATCTTAGGCGAAAGCATTTACCATGGATGTTTTCATTAATCAAGAACGAAAGT,438
ASV154,GACCCCCAGCAGCTGCGGTAATTCCAGCTCCAATAGCGTATATTTAAGTTGTTGCAGTTAAAAAGCTCGTAGTTGGATTTCGGGTGGGGACAGCCGGTCCGCCGTTTGGTGAGCACTGGCTGGCCCCATCTTCTTGTCGGGGACGCAGTTCTGGCCTTTATTGGCTGGGGTGCGGAGTCGGCGACGTTACTTTGAAAAAATTAGAGTGTTCAAAGCAAGCTCACGCTCTGAATACATTAGCATGGAATAACACGATAGGACTCCGGTCCTATTTTGTTGGTCTTCGGGATCGGAGTAATGATTAAGAGGGACAGTTGGGGGCATTCGTATTTCATTGTCAGAGGTGAAATTCTTGGATTTATGAAAGACGAACTTCTGCGAAAGCATTTGCCAAGGATGTTTTCATTAATCAAGAACGAAAGT,423
ASV155,CGAGGCCAGCAGCCGCGGTAATACCAGCTCCAATAGCGTATGTTAAAGTTGTTGCAGTTAAAAAGCTCGTAGCCGTATTTCTGGCGTGGTGTTGTTTGCGGTCTGCGTGCAAAAGCGCGTTACGACATGTGACCATCGCGCATTAACCTCTGCGATTGGGTCGTGTCTGGTCTTGGTTGATTGGATGCGAGAACTCGATCGCTCATTTACTGTGAGAAAATTAGAGTGTTCAAGGCAGGCAATTTTGCAATTGAATATGTTAGCATGGGATAATAAGATAAGACTTTTGTTTTATTTTGTTGGTTTCTAGAACGGAAGTAATGATTGATAGGGGCGGTTGGGGGTGCTCGTATTTGATGGCCAGAGGTGAAATTCATGGATTCATTAAAGACGAACTTATGCGAAAGCATTCACCAAGGACGCTCCTTTTGGTCAAGAACGAAAGT,446
ASV156,GTTGGCCAGCAGCTGCGGTAATTCCAGCTCCAGAAGTTTATACCAATATTGCTGCGGTTAAAAAGCTCGTAGTTGGATCTGCAGTTTTGGATGTCGGTCCCTCGCTGAGGTGTACTGGCAATCCAGGCTACTCCTGCTGGTCTGTCGCTGTTGCTCTTAACTGAGTAGCAGTGGTTGCCAGCGAGTTTACTTTGAAAAAATTAGGGTGCTTAAAGCAGGCGAATGCCTGAATACTTGTGCATGGAATAATGGAATAGGACCTCGGTTCTATTTTGTTGGTTTTCGGAGCGGAGGTAATGATTAAGAGGAACAGACGGGGGCATTCGTATTGCGACGTTAGAGGTGAAATTCTTGGATCGTCGCAAGACGGACTACTGCGAAGGCATTTGCCAAGAATGTTTTCATTAATCAAGAACGAAAGT,422
ASV157,TTTAACCAGCAGCTGCGGTAATTCCAGCTCCAATAGCGTATATTAAAGTTGTTGCAGTTAAAAAGCTCGTAGTTGTATTTGAGCGTGTGTTGTATTTGTTGGTCTGCATTCAAAAGAGTGTAATGACCCGTGCAACTTCGCAATTAACCATTGGGTCGTTCCTGGTCTTGATTGACTTGGGAGCGTTTTATCTCGATGGATCATTTACTGTGAGAAAAGTAGAGTGTTCAAGGCAGGCGTTTATTGCAATTGAATATGTTAGCATGGAATAATAAGATAGGACTTTCGGATCTATTTTGTTGGTTTCTAGTTTGGAAGTAATGATTGATAGGGATAGTTGGGGGTGCTAGTATTGGATGGCCAGAGGTGAAATTCATGGATTCATTCAAGACTAACTAATGCGAAAGCATTCACCAAGGATGTCCTCTTTAATCAAGAACGAAAGT,446
ASV158,GGGAGCCAGCAGCTGCGGTAATTCCAGCTCCAATAGCGTATATTTAAGTTGTTGCAGTTAAAAAGCTCGTAGTTGGATTTTGGGTCGGGGCGACCGGTCCGCCGTTCCGGTGTGTACTGTTTGCTCCTTCCTTCTTGCCGGGGACGCGCTCCTGGGTTTCATTATCTGGGACGTGGAGTCGGCGATGTTACTTTGAAAAAATTAGAGTGTTCAAAGCAAGCCATCGCTCTGAATACATTAGCATGGAATAACACCATAGGACTCTGGTCCTATTTTGTTGGTTTTCGGGATTGGAGTAATGATTAATAGGGACAGTCGGGGGCATCCGTATTTCATTGTCAGAGGTGAAATTCTTGGATTTATGAAAGACGAACTTCTGCGAAAGCATTTGCCAAGGATGTTTTCATTGATCAAGAACGAAAGT,424
ASV159,GGGGGCCAGCAGCCGCGGTAATTCCAGCTCCAATAGCGTATATTTAAGTTGTTGCAGTTAAAAAGCTCGTAGTTGGATTTCGGATGAATGCGACCGGTCCGCCGTTTCGGTGTGTACTGGTTACGTTTATCTTGCTGTCGGGGACGCGCTCCTGGCCTTAACTGGCTGGGACGTGGAGTCGGCGAAGTTACTTTGAAAAAATTAGAGTGTTCAAAGCAGGCCTACGCTCTGAATACATTAGCATGGAATAACGCGATAGGACTCTGGTCTTATTGTGTTGGTCTTCGAGACCGGAGTAATGATTAAGAGGGACAGTTGGGGGCATTCGTATTTCATTGTCAGAGGTGAAATTCTTGGATTTATGAAAGACGAACTTCTGCGAAAGCATTTGCCAAGGATGTTTTCATTAATCAAGAACGAAAGT,424
ASV160,GGTTTCCAGCAGCCGCGGTAATTCCAGCTCCAGTAGCATATATTAAAGTTGTTGCAGTTAAAAAGCTCGTAGTTGGATTTCTGGTATGATGCGCCTTGTCCGCAGCGAATACGCTTGTGAGTACTGGAGCGCGTCTGCCATCCTTCCGGGGACCGTCTCTACCTTTCACTAGGCTGGAGTCGTGATCCGGATCGTTTACTTTGAAAAAATTAGAGTGTTCAAAGCAGGCCTTTGCTGTGAATACATTAGCATGGAATAATGATCTAGGACTTCGGTTCTATTTTGTTGGTTTCTAGCACTGGAGTAATGATTGATAGGGATAGTTGGGGGTGCTAGTATTGGGCGGCCAGAGGTGAAATTCTTGGATTCGCTCAAGACTAACTTATGCGAAAGCATTCACCAAGGATGTCTTCTTTAATCAAGAACGAAAGT,432
ASV161,TTGAACCAGCAGCTGCGGTAATTCCAGCTCCAGTAGCGTATATTAATGTTGCTGCAGTTAAAAAGCTCGTAGTTGGATTTCTGATATGATTTGTCTGACCCGCCACTATGTGGTTGAGTGTTTTGATGCATCTATCATCCTTCTAGCTAGGCTGCGTTGCCGTAAGGTTTACGTTGTCCAAACTAGATCTTTTACTTTGAAAAAATTAGAGTGTTTAAAGCAGGCTTGCGCTTATGAATACATTAGCATGGAATAATAATATAGGACTTTGGTTCTATTTTGTTGGTTCTGAGAACTAAAGTAATGATTGATAGGGATAGTTGGGGGTGCTAGTATTCCAAGGCCAGAGGTGAAATTCTCGGATTCTTGGAAGACTAACTTATGCGAAAGCATTCACCAAGGATGTCTTCTTTAATCAAGAACGAAAGT,429
ASV162,GTTGTCCAGCAGCTGCGGTAATTCCAGCTCCAATAGCGTATATTAAAGTTGTTGCGGTTAAAAAGCTCGTAGTTGGATTTCTGCTGAGGACGACCGGTCCGCCCTCTGGGTGAGTATCTGGCTCGGCCTGGGCATCTTCTTGGAGAACGTAGCTGCACTTGACTGTGTGGTGCGGTATCCAGGACTTTTACTTTGAGGAAATTAGAGTGTTTCAAGCAGGCACACGCCTTGAATACATTAGCATGGAATAATAAGATAGGACCTTGGTTCTATTTTGTTGGTTTCTAGAACTGAGGTAATGATTAATAGGGATAGTTGGGGGCATTCGTATTTAACTGTCAGAGGTGAAATTCTTGGATTTGTTAAAGACGGACTACTGCGAAAGCATTTGCCAAGGATGTTTTCATTGATCAAGAACGAAAGT,424
ASV163,GGGAGCCAGCACCTGCGGTAATTCCAGCTCCAATAGCGTATATTAAAGTTGTTGCGGTTAAAAAGCTCGTAGTTGGATCTGCGTTCATAGACTCCGGTTTCCTCACGGAATACTGGTTGTCTTGAACTACCTCGCTAGTTTTCCCTTAGTGCACTTTACTGTGTGCTTTGGGTAGCTAGCACGTTTACTTTGAAAAAATTAGAGTGCTTAACGCAGGCTTTTGCCTGAATAGTGGTGCATGGAATAATGGAATAGGACCTCGGTTCTATTTTGTTGGTTTTCGGAGCACGAGGTAATGATTAAGAGGGACAGACGGGGGCATTCGTACTGCTGCGCTAGAGGTGAAATTCTTGGATCGCAGCATGACGAACAACTGCGAAAGCATTTGCCAAGAATGTTTTCATTAATCAAGAACGAAAGT,421
ASV164,TCCTGCCAGCACCTGCGGTAATTCCAGCTCCAGTAGCGTATATTAAAGTTGTTGCAGTTAAAAAGCTCGTAGTTGGATTTCTGGCCTGACAAAACTGATCCGCACCGGTTACGGTCGTGAGTATCGGGCTTTGTCTGCCATCCTTCCTGAGAACGCTGGCTACCCTTCATTGGGCCGGTCTCGCAATCAGGAACGTTTACTTTGAAAAAATTAGAGTGTTCAAAGCAGGCTTACGCTGTGAATACATTAGCATGGAATAATAATTTAGGACTTCGGTTCTATTTTGTTGGTTTCTAGAATTGGAGTAATGATTGATAGGGATAGTTGGGGGTGCTAGTATTCAGCGGCCAGAGGTGAAATTCTTGGATTCGCTGAAGACTAACTTATGCGAAAGCATTCACCAAGGATGTCTTCTTTAATCAAGAACGAAAGT,433
ASV165,TTGAGCCAGCACCTGCGGTAATTCCAGCTCCAATAGCGTATATTTAAGTTGTTGCAGTTAAAAAGCTCGTAGTTGGATTTCGGGTGCGGCAGGCCGGTCCGCCGTTTCGGTGTGCACTGGCAGGCGGCATCTTTCTGTCGAGGACGCGCGCCTGGCCTTCACTGGTCGGGCCGTGGAGTCGGCGCTGTTACTTTGAAAAAATTAGAGTGTTCAAAGCGGGCCTACGCTTGAATATATTAGCATGGAATAACACCATAGGACTCCTGTCCTATTCTGTTGGTCTTCGGGATGGGAGTAATGATTAAGAGGAACAGTTGGGGGCATTCGTATTTCATTGTCAGAGGTGAAATTCTTGGATTTATGAAAGACGAACTTCTGCGAAAGCATTTGCCAAGGATGTTTTCATTAATCAAGAACGAAAGT,423
ASV166,TGGGGCCAGCAGCTGCGGTAATTCCAGCTCCAATAGCGTATATTAAAGTTGTTGCGGTTAAAAAGCTCGTAGTTGGATTTCTGCCGAGGATGACCGGTCCGCCCTGTGGGTGTGCATCTGGCTCAGCCTTGGCATCTTCCTGAAGAACGTAGCTGCACTTGACTGTGTGGTGCGGTATTTAGGACATTTACTTTGAGGAAATTAGAGTGTTTCAAGCAAGCGCACGCTTTGAATACATTAGCATGGAATAATAAGATAGGACCTTGGTTCTATTTTGTTGGTTTCTAGAGCTGAGGTAATGATTGATAGGGATAGTTGGGGGCATTCGTATTTAACTGTCAGAGGTGAAATTCTTGGATTTGTTAAAGACGGACTACTGCGAAAGCATTTGCCAAGGATGTTTTCATTGATCAAGAACGAAAGT,424
ASV167,GTCCGCCAGCAGCCGCGGTAATTCCAGCTCCAATAGCGTATATTAAAGTTGTTGCAGTTAAAAAGCTCGTAGTTGAACCTTGGACAAGGTGCGCGTGGTCTACCGCAAGGTATGACTGCGGCGCTGCGTCTCTTTAGGGGGACTCGATGCCTCGGTGTCGAGGTAACCCGTGTTACTGTGAAGAAATTAGAGTGTTTAAAGCAGGCTATCGCTTGAATACATCAGCATGGAATAACAAGTTGGACTTTGCTCCTACTTGTTGGTTTGAGGGGAAAAGTAATGATTAATAGGGCCAGTTGGGGGCATTAGTATTCAGTAGTCAGAGGTGAAATTCTTGGATTTACTGAAGACTAACTAGTGCGAAAGCATTTGCCAAGGATGTTTTCATTAATCAAGAACGAAAGT,405
ASV168,TACGTCCAGCACCTGCGGTAATTCCAGCTCGCTTAGCATATATTATTGATGTTGCAGTTAAAACGTTCGTAGTCGACTGTTGTCTGCCAATGTATGCAAGTTCTCTGAGCTTGTCATACTGTCGGCAGATGATGTGTAATTGCAACAACATATTTTTATATGTTGCTGTTGATTATACCTTACTTTGAGTGAATCGGCGTGTTCCACGCAGGCGCTTGCCTTGAACGATTTACCATAGTATGAACATATTATAGCAACATCCTTCCGTTTGTTCGGGGATATTGTTTATAATAAAAGGGACGGTTGAGGGCATTCATATTCAACTGCCAGAGGTGAAATTCTTTGATTAGTTGAGGATGAACGAGGGCGAAAGCATCTGCCAAGGACGTTCCCGTTGATCAAGAACGAAAGT,412
ASV169,GTGATCCAGCACCTGCGGTAATTCCAGCTCCAATAGCGTATATTAAAGTTGTTGCAGTTAAAAAGCTCGTAGTTGAAATGTACGTCGGAGACGCCGACTCATTCTTTGAGCGCGAATCCGGCGTGGGCTTTCTAAGCCTCTGTTACTTTGAGAAAAATAGAGTGTTTCAGGCGGGCCAGAGCTGAAATAGTGTACCATGGAATAACGAAGTGGCTATTCTTCCGTTTCTTCGATTTTGGAGGGATAGCGCGTGGTTGATAGGAACAGTCGGGGGTATTCGTATTGAACAGTCAGAGGTGAAATTCTTAGATTTGTTCAAGACGAACTAATGCGAAAGCATCTACCAAGGATGTTTCCATTAATCAAGAACGAAAGT,376
ASV170,CCAGTCCAGCAGCTGCGGTAATTCCAGCTCCAGTAGCGTATATTAAAGTTGTTGCAGTTAAAAAGCTCGTAGTTGGATTTCTGCTTGTAGCGTTGGGTCCGCCGGGGTTACCCGTGTGAGTACCTGTTCGCTCCTTGCATCCTTCTAGAGAACGGTTCTCTCCTTCATTGGTTGTGGGATCGCAATCTAGATCTTTTACTTTGAAAAAATTAGAGTGTTTAAAGCAGGCTTGTGCTATGAATACATTAGCATGGAATAATAATTTAGGACTTTAGTTCTATTTTGTTGGTTTCTAGAACTGAAGTAATGATTGATAGGGATAGTTGGGGGTGCTAGTATTCAGCGGCCAGAGGTGAAATTCTTAGATTCGCTGAAGACTAACTTATGCGAAAGCATTCACCAAGGATGTCTTCTTTAATCAAGAACGAAAGT,432
ASV171,GGCGTCCAGCAGCTGCGGTAATTCCAGCTCCAATAGCGTATATTAAAGCTGTTGCAGTTAAAAAGCTCGTAGTCGGATTTCGGGCGGCGGCCAATGGTTCGGTTCCGTGCCGATACTGCTGGTCGCGGCCTCCACGCCGGTCGTCTTTCGGTGCTCTTAGCTGAGTGCCTTAAGTAGCCGGAGCGTTTACTTTGAAAAAATTAGAGTGTTCAAGGCAGGCCACGAGCCTGAATGATGGTGCATGGAATAATGGAATAGGACCTCGGTTCTATTTTGTTGGTCTTCGGAACTGGAGGTAATGATTAATAGGGACGGACGGGGGCATTCGTATTGCGGCGTTAGAGGTGAAATTCTTGGATCGTCGCAAGACGGACTACTGCGAAAGCATTTGCCAAGAATGTTTTCATTGATCAAGAACGAAAGT,424
ASV172,GTAGACCAGCACCTGCGGTAATTCCAGCTCCAGTAGCGTATATTAAAGTTGTTGCAGTTAAAAAGCTCGTAGTCAGATTTTGGATTCTGTGAATTGGTCTGGCTTTAACGTCAGTATTGGTTCGCGGGGTCTCTCTTTCTGGGGAAGCTGTTTGCTTTTTATTAAGTGGGCAGTGTATCCAGGACTTTTACTTTGAAAAAATTAGAGTGTTTAAAGCAAGCAATCGCTTGAATACATTAGCATGGAATAATAGAATAGGACTTTGGTTCTATTTTGTTGGTTTCTAGGACCGAAGTAATGATTAATAGGGATAGTTGGGGGTATTAGAATCGACATGTCAGAGGTGAAATTCTTGAATTTTGTCGCGTCTAACTTCTGCGAAAGCATTTACCAAGGATGTTTTCATTGATCAAGAACGAAAGT,423
ASV173,AGTCGCCAGCAGCTGCGGTAATTCCAGCTCCAATAGCGTATATTAAAGTTGTTGCAGTTAAAAAGCTCGTAGTTGGATTTCTGGCGGGAGCAACCAGTCCTGCCCCTTGCGGGGTTGTGCACTAGCGTTGCATCCGGCCATCCTTGTGGAGAGCGTTTCTGGCATTAAGTTGTCGGACTCGGGATCCGCATCGTTTACTGTGAAAAAATTAGAGTGTTTAAAGCAGGCATTTGCTTGAATACATTAGCATGGAATAATAAGATAGGACTTTGTTGCTATTTTGTTGGTTTGCGCTTCAAGGTAATGATTAATAGGGATAGTTGGGGGTATTCATATTTAATTGTCAGAGGTGAAATTCTTGGATTTATGAAAGATGAACTTATGCGAAAGCATTTACCATGGATGTTTTCATTAATCAAGAACGAAAGT,429
ASV174,GTGGCCCAGCAGCTGCGGTAATTCCAGCTCCAATAGCGTATATTAAAGTTGTTGCGGTTAAAAAGCTCGTAGTTGGATTTCTGCCGAAGGCGACCGGTCCTTCCTTCGGGTTGGCATCAGGTTCGACCGAGGCATCCTTTTGGCAATCATCGTTGCACTTCATTGCGCGCGATGAGAACCAAGACTTTTACTTTGAGGAAATTAGAGTGTTTCACGCAGGCATACGCCTTGAATACGTTAGCATGGAATAATAAGATAGGACTTTGGTTCTACTTGTTGGTCTCTAGGACTAAAGTAATGATTAATAGGGATAGTCGGGGGCATTCGTACTTAACTGTCAGAGGTGAAATTCTTGGATTTGTTAAAGACGAACTACTGCGAAAGCATTTGCCCAGGATGTTCTCATTGATCAAGAACGAAAGT,423
ASV175,GTGTGCCAGCAGCTGCGGTAATTCCAGCTCCAATAGCGTATATTAAAGTTGTTGCAGTTAAAAAGCTCGTAGTCGTATTTCTAGCCGGAGCATTGCGTCCGTGTGCACTGCACTCGTGTATGTCCTTGTCTCCGCGCTATCCTTGTAGAGAGAGTGTCCTGGCATTGACTTGTCATGCACTGGATCTGCATCGTTTACTGTGAAAAAATTAGAGTGTTTAAAGCAGGCAGTTCCGCCATTGAATACGTTAGCATGGAATAATAATATAGGACTTGGTCTTATTTTGTTGGTTTGTAGCCCAAGTAATGATGAATAGGGACAGTTGGGGGTATTCATATTTAATTGTCAGAGGTGAAATTCTTGGATTACTGAAAGATGAACTTATGCGAAAGCATTTACCAAGGATGTTTTCATTGATCAAGAACGAAAGT,431
ASV176,TGAAACCAGCAGCCGCGGTAATTCCAGCTCCAATAGCGTATATTAAAGTTGTTGCAGTTAAAAAGCTCGTAGTTGGATTTCTGGCAGGAGCGACCGGTCGCGCACTCTGTGCGTGAACTTGTGTTGTCTCTGGCCATCCTCGGGGAGATCCTGTTTGGCATTAAGTTGTCGGGCAGGGGATACCCGTCGTTTACTGTGAAAAAATTAGAGTGTTTAAAGCAGGCTTATGCCGTTGAATATATTAGCATGGAATAATAAGATAGGACTTCGGAACTATTTTGTTGGTTTGCGTTACGAAGTAATGATTAATAGGGACAGTTGGGGGTATTCGTATTTCGTTGTCAGAGGTGAAATTCTTGGATTTCCGAAAGACGAACTACTGCGAAAGCATTTACCAAGGATGTTTTCATTAATCAAGAACGAAAGT,427
ASV177,TTTTTCCAGCACCTGCGGTAATTCCAGCTCCAAGAGCGTATATTAAAGTTGTTGCAGTTAAAAAGCTCGTAGTTGGATTTCTGGTTCAACGCGCCTGGCCCGCTTTATGTGAGTGCCGGTGCGCGTTTGCCATCCTTCTAGAAAACGTTTCTACCTGGGCAACTGGGCCGGACTCGCGATCTAGATCTTTTACTTTGAAAAAATTAGAGTGTTTAAAGCAGGCTTTTGCTGTGAATACATTAGCATGGAATAATAATCTAGGACTTCGGTTCTATTTTGTTGGTTTCTATAACTGAAGTAATGATTGATAGGGATAGTTGGGGGTGCTAGTATTGGCCGGCCAGAGGTGAAATTCTTGGATTCGGTCAAGACTAACTTATGCGAAAGCATTCACCAAGGATGTCTTCTTTAATCAAGAACGAAAGT,426
ASV178,AGACGCCAGCACCCGCGGTAATTCCAGCTCTAATAGCGTATATTAACGTTGTTGCAGTTAAAAAGCTCGTAGTTGAAGTTCCGGCGATTCGTCGCCTGTCGGGGAGGTCTAAGGATAATGTAAAAATTTTCTTTATGTCGAGCCGACTTTTACTGTGAACAAATTAAAGTGCTTAAAGCAGGCAATCGCTTGAATATTTTAGCATGGAATAATAGAATATGACTTTATTCATTTTTTTGGTTATTGGATGAAGTAATGGTTAACAGAAACAGTTGGGGGTATTCGTATTTAATAGTCAGAGGTGAAATTCTTAGATTTATTAAAGACGAACTAATGCGAAAGCATTTACCAAGGATGTTTTCATTAATCAAGAACGAAAGT,381
ASV179,CGTGACCAGCACCCGCGGTAATTCCAGCTCCAATAGCGTATATTAAAGTTGTTGCAGTTAAAACGCTCGTAGTTGGATTTATGCTGCGAAACTTCGGTTATCCTAATGGTGTACTGTTGTTTGCAGCATCTGTTTCAAGCTTTATTGCTAGAAACAAGTTACTTTGAGGAAATTACGGTGTTCAAAGCAGGCTTTTGCCATGAATACCTCAGCATGGAATAACAGTAATGCTTTCGTTTTTCTGTTGGTTCAAGAAACGTGAGGCGATGATTAAAAGAGCCAGTCGAGGGCATTCGTATTGAACAGTCAGAGGTGAAATTCTTAGATTTGTTCAAGACGAACAACTGCGAAAGCATCTGCCAAGTATGGGCTCATTAATCAAGAACGAAAGT,392
ASV180,CCGTGCCAGCAGCTGCGGTAATTCCAGCTCCAATAGCGTATATTAAAGTTGTTGCAGTTAAAAAGCTCGTAGTTGAACCTTGGGCTAGGTCGATCGGTCTGCCGAAAGGTACGTACTGAATTGCCTGGTCTTTCCTTCTGTGGACCGTTGGTTTCGGCCGGCGGGCAAACAGGACTTTTACTTTGAAAAAATTAGAGTGTTTAAAGCAGGCTTACGCTTGAATACATTAGCATGGAATAATGAAATAGGACTTTGGTACTATTTTGTTGGTTTTCAGGACCAAAGTAATGATTAATAGGGATAGTTGGGGGCATTAGTATTGCGGAGTCAGAGGTGAAATTCTTGGATTTCCGCAAGACTAACAACTGCGAAAGCATTTGCCAAGGATGTTTTCATTAATCAAGAACGAAAGT,413
ASV181,TATGTCCAGCACCTGCGGTAATTCCAGCTCCAATAGCGTATATTTAAGTTGTTGCAGTTAAAAAGCTCGTAGTTGGATTTCGGGTGGGTTTCAGCGGTCCGCCTATGGTGAGTACTGCTGTGGCCTATCTTACTGTCGGGGACCTGCTTCTGGGCTTCATTGTCCGGGACAGGGATTCGGCATGGTTACTTTGAGTAAATTAGAGTGTTCAAAGCAGGCTTACGCCGTGAATACTTTAGCATGGAATAACATGATAGGACTCTGCCCTATTCTGTTGGCCTGTAGGAGTGGAGTAATGATTAAGAGGAACAGTCGGGGGCATTCGTATTTCATTGTCAGAGGTGAAATTCTTGGATTTATGAAAGACGAACTACTGCGAAAGCATTTGCCAAGGATGTTTTCATTAATCAAGAACGAAAGT,421
ASV182,CGTTGCCAGCAGCCGCGGTAATTCCAGCTCCAAGAGCATATATTAAAGTTGTTGCAGTTAAAAAGCTCGTAGTTGGATTTCTGGTATAATGCGCCTGGCCCGCGGCTTTTTAAGCCTGTGAGTGCCGGTTGTGCGTTTGCCATCCTTCTAGAAAACGTTTCTACCCTTCACTGGGCCGGACTCGCGATCTAGATCTTTTACTTTGAAAAAATTAGAGTGTTTAAAGCAGGCTTTTGCTATGAATACATTAGCATGGAATAATAATCTAGGACTTCGGTTCTATTTTGTTGGTTTCTATAACTGAAGTAATGATTGATAGGGATAGTTGGGGGTGCTAGTATTGGCCGGCCAGAGGTGAAATTCTTGGATTCGGTCAAGACTAACTTATGCGAAAGCATTCACCAAGGATGTCTTCTTTAATCAAGAACGAAAGT,434
ASV183,GCCGTCCAGCACCCGCGGTAATTCCAGCTCCAATAGCATATATTAAAGTTGTTGCAGTTAAAAAGCTCGTAGTTGGATTTCTGGCATGATGCGCCTGGCCCGCGCCGATTACGGTTGTGTGTGCTAGTGCGCGTCTGCCATCCATTTGCAGAATGTATCTACCCTTCATTGGGCCGGATACGTGATGTAAATCTTTTACTTTGAAAAAATTAGAGTGTTTAAAGCAGGCATTTGCTATGAATACATTAGCATGGAATAATAATCTAGGACTTCGGTTCTATTTTGTTGGTTTCTAGATCTGGAGTAATGATTGATAGGGATAGTTGGGGGTGCTAGTATTTAGGGGCCAGAGGTGAAATTCTTGGATTCTCTAAAGACTAACTTATGCGAAAGCATTCACCAAGGATGTCTTCTTTAATCAAGAACGAAAGT,432
ASV184,GCAGACCAGCACCTGCGGTAATTCCAGCTCTAATAGCGTATATTAAAGTTGTTGCGGTTAAAAAGCTCGTAGTTGGATTTCGGGACCTGTGTCTACGGTCCGGCGCAAGCCGCGAACTGAAGACTGGGCCCTTCTGTCTGGAGACTGGGGTCTTCCTCTTAGTTGAGGGGACCTTGGTATCTAGGACTTTTACTTTGAACAAATTAGAGTGTTTAAAGCAGGCTATCGCCTGAATACATTAGCATGGAATAACCGAATAGGACTTTGGTTCTATTTTGTTGGTTTTAAGGACCAAAGTAATGATTAATAGGGATAGTTGGGGGCATTAATATTTAATTGTCAGAGGTGAAATTCTTAGATTTATGAAAGATTAACTTCTGCGAAAGCATTTGCCAAGGATGTTTTCATTAATCAAGAACGAAAGT,425
ASV185,TACAGCCAGCACCCGCGGTAATTCCAGCTCCAATAGCGTATATTAACGTTGTTGCAGTTAAAAAGCTCGTAGTTGGATTTCTGGTGGGTTGAGCCTACCTTTCTCCTTTTGGAGATTGCGTGTGGCTGTTAACCTCACCATCTTTGTGAAGAACAATTTTGGAATTCATTTTTCGAATTTGCAATTTGCATCATTTACTGTGAAAAAATTAGAGTGTTTAAAGCAGGCATTTCGCTTCTGAATACATTAGCATGGAATAATAAGATAGGATCTCGAGTACTATTTTGTTGGTTTGTATACCGAGATAATGATTAACAGGGACAGTTGGGGGTATTCGTATTTAATTGTCAGAGGTGAAATTCTTGGATTTATGAAAGACGAACTACTGCGAAAGCATTTACCAAGGATGTTTTCATTAATCAAGAACGAAAGT,433
ASV186,AGATGCCAGCACCCGCGGTAATTCCAGCTCCAATAGCGTATATTAATGTTGTTGCAGTTAAAAAGCTCGTAGTTGAATTTCTGGACTAAACTTTCGGTCCGAGGCCTTCGTGCCTTGTGTACTGTTTTTGTTTAGTTCATCTTAGTAGTGAGTGTATCGGTCTTTCATTAGTCTGATTCAGGAGCTGCTTCGTTTACTGTGAATAAAATAGAGTGTTTAAAGCAGGCATTACGCCTTGAATACTTCAGCATGGAATAAAAAGATAGGACTTTGGTGCTATTTTATTGGTTTGCACACCAAGTAATGATTAATAGGGATAGTTGGGGGTATTCATATTTGATTGTCAGAGGTGAAATTCTTGGATTTATGAAAGATGAACTTATGCGAAAGCATTTATCAAGGATGTTTTCATTAATCAAGAACGAAAGT,429
ASV187,AGTAGCCAGCACCCGCGGTAATTCCAGCTCCAATAGCGTATATTAAAGTTGTTGCAGTTAAAAAGCTCGTAGTTGGATTTTGGAATAAGCTAGTTGGTCCGCCGCAAGGTGAGAACTGATGGGCATATTCTTCCTCTCGAAAACGGTGCGTGCAGTTAATTCTGTGTGTATCGGGTTCGGGACTTTTACTGTGAAAAAATTAGAGTGTTCAAAGCAGGCTATCGCTTGAATATTTCAGCATGGAATAATAGAATAGGACATTGGTTCTATTTTGTTGGTTTCTGGAACCGAAGTAATGATTAATAGGGATAGTTGGGGGCATTAGTATTTAATTGTCAGAGGTGAAATTCTTGGATTTATGAAAGACTAACTTCTGCGAAAGCATTTGCCAAGGATGTTTTCATTAATCAAGAACGAAAGT,421
ASV188,ATAACCCAGCAGCTGCGGTAATTCCAGCTCCAATAGCGTATATTAAAGTTGTTGCGGTAAAAAAGCTCGTAGTTGGATTTCTGTTGAGGGCGTCCGGTCCGTACCACGTACGCGTATCTGGGTCGCGCTCGGCATCCTCTCGAAAGACGGTTCTGCGCTTGATTGCGTGGTCCGGGTTTCGGGACTTTTACTTTGAGGAAATTAGAGTGTTCACGGCAGGCAGTTGCCCGAATACATTAGCATGGAATAATACTATAGGACTTTGGTTCTATTTTGTTGGTTTCTAGGACTAAAGTAATGATTAATAGGGACAATTGGGGGCATTCGTATCAACACGCTAGAGGTGAAATTCTTGGATTGTGTTGCGACGAACTACTGCGAAAGCATTTGCCAAGGATGTTTTCATTGATCAAGAACGAAAGT,423
ASV189,GGGGACCAGCACCTGCGGTAATTCCAGCTCCAATAGCGTATATTAAAGTTGTTGCAGTTAAAAAGCTCGTAGTTGGATTTCTGGTTTGAGCGTCGGGTCCGGTTCTTACGAATCGCGAACTATGACTGCTTGGGCCATTTTTTGTGAGGATTCCTTTCTGCCATTAAGTTGGTGGTTGGGTGGACTTGCATCGTTTACTGTGAAAAAATTAGAGTGTTTAAAGCAGGCGTTTGCTCATTTGAATACATTAGCATGGAATAATAAGATACGACCTTGGTGGTCTATTTTGTTGGTTTGCACACCAGGGTAATGATTAATAGGGACAGTTGGGGGTATTCATATTTCAGCGTCAGAGGTGAAATTCTTGGATCGCTGAAAGATGAGCTTAGGCGAAAGCATTTATCAAGGATGTTTTCATTAATCAAGAACGAAAGT,435
ASV190,TGGAGCCAGCAGCTGCGGTAATTCCAGCTCCAGTAGCGTATATTAAAGTTGTTGCAGTTAAAAAGCTCGTAGTTGGATTTCTGGTACTACGTGCCTAGCCCTTGAAGCTTTATGCTGATTGAGTGCTGGCGTGCGTTTACCATCCTTCTAGAATTTCGTCACTGTGCTTCGGTATTGGTGGCGTGGTTCTAGATCTTTTACTTTGAAAAAATTAGAGTGTTTAAAGCAGGCTTGCGCTATGAATACATTAGCATGGAATAATAATATAGGACTTCGGTCTCTATTTTGTTGGTTTCTAGAACTGAAGTAATGATTGATAGGGATAGTTGGGGGTGCTAGTATTCAGCGGCCAGAGGTGAAATTCTCGGATTCGCTGAAGACTAACTTATGCGAAAGCATTCACCAAGGATGTCTTCTTTAATCAAGAACGAAAGT,435
ASV191,AGTCGCCAGCAGCTGCGGTAATTCCAGCTCCAATAGCGTATATTAAAGTTGTTGCAGTTAAAAAGCTCGTAGTTGGATTTCTGGCGGGAGCAACCAGTCCTGCCCCTTGCGGGGTTGTGCACTAGCGTTGCATCCGGCCATCCTTGTGGAGAGCGTTTCTGGCATTAAGTTGTCGGACTCGGGATCCGCATCGTTTACTGTGAAAAAATTAGAGTGTTTAAAGCAGGCATTTGCTTGAATACATTAGCATGGAATAATAAGATAGGACTTAGTCGTTATTTTGTTGGTCTTGCACGTCTAGGTAATGATTAATAGGGATAGTTGGGGGTATTCATATTTAATTGTCAGAGGTGAAATTCTTGGATTTATGAAAGATGAACTTATGCGAAAGCATTTACCATGGATGTTTTCATTAATCAAGAACGAAAGT,430
ASV192,GTCTGCCAGCAGCTGCGGTAATTCCAGCTCCAATAGCGTATATTAAAGTTGTTGCAGTTAAAAAGCTCGTAGTCGCATTTCTAGGCGGAGCGGCGCGTCCGGCGGCACTGCCGCTGCGTATGCAGTCGCCTCCGCCTATCCTTGCAGAGAGTGTGCCTGGCATTAGTTTGTTGGGTACAGGACCTGCATCGTTTACTGTGAAAAAATTAGAGTGTTTAAAGCAGGCATTTTTGCTGTGAATACATTAGCATGGAATAATAAGATAGGACTTTGGTGCTATTTTGTTGGTTTGCACGCCAAAGTAATGATGAATAGGGACAGTTGGGGGTATTCATATTTAATTGTCAGAGGTGAAATTCTTGGATTACTGAAAGATGAACTTATGCGAAAGCATTTACCAAGGATGTTTTCATTGATCAAGAACGAAAGT,430
ASV193,TGACGCCAGCACCCGCGGTAATTCCAGCTCCAGTAGCGTATACTAATGTTGCTGCAGTTAAAAAGCTCGTAGTTGGATTTCTGATTGATATTTTTGGTCCGGTACCTTCGGGTACATGAGTATCATTTTATATCTGTCATCCTATCAGGGTTTCTTGGTTTCGGCCTGGAAGTTCTGGTTCATTTACTTTGAAAAAATTAGAGTGTTTAAAGCAAGCTTGCGCGATGAATACATTAGCATGGAATAATAATATAGGACTACGGGTTCTATTTTGTTGGTTTCTAGACCTGAAGTAATGATTGATAGGGATAGTTGGGGGTGCTAGTATTGGGAGGCCAGAGGTGAAATTCTTTGATTCTCTCAAGACTAACTTATGCGAAAGCATTCACCAAGGATGTCTTCTTTAATCAAGAACGAAAGT,421
ASV194,GTTGACCAGCACCTGCGGTAATTCCAGCTCCAGTAGCGTATATTAAAGTTGTTGCAGTTAAAAGGCTCGTAGTCGAACTTATGATCCTGTGAACCCGGCCCGCTCTCTAGTAGGGCGAGTGCCGGTGTGCTCGGTTCATCCTTCCGAAGAGCACTTCTGCCCTTGATTGGGTTGGTTGTGTAATTTGGTGCATTTACTGTGAGTAAATCAAAGTGTTCAAAGCAAGCTTTAATGCTTGAATGGTTCAGCATGGAATAATAAGATAGGACTTCGGTTTTATTTTGTTGGCTTATAGAACCAAAGTAATGATTGAAAGGGATAGTTGGGGGTGCTAGTATTGGGTGGTCAGCGGTGAAATGCATGGACCCATTCAAGACTAACTTATGCGAAAGCATTCACCAAGGATATCTTCTTTGATCAAGAACGAAAGT,431
ASV195,TTTATCCAGCACCTGCGGTAATTCCAGCTCCAATAGCGTATATTAAAGTTGTTGCAGTTAAAAAGCTCGTAGTTGGATTTCTGGCGGGAGCGGGTGGTCCGGCACTTAGTGTTGGTACTTTCCTGTCTCTTGCCATCCTTGGGTCTAAGCTGTCTGGCATTTAGTTGTCGGGCAGTGGCTGCCCATCGTTTACTGTGAAAAAATTAGAGTGTTCAAAGCAGGCTTATGCCGTTGAATATATTAGCATGGAATAATAAGATAGGACCTTGGTACTATTTTGTTGGTTTGCGCACCGAGGTAATGATTAAGAGGGACAGTTGGGGGTATTCGTATTCAATTGTCAGAGGTGAAATTCTTGGATTTCTGGAAGACGAACTACTGCGAAAGCATTTACCAAGGATGTTTTCATTAATCAAGAACGAAAGT,426
ASV196,TTTACCCAGCAGCCGCGGTAATTCCAGCTCCAATAGCGTATATTAAAGTTGTTGCGGTTAAAAAGCTCGTAGTTGGATTTCTGTTGAGGACGGCCGGTCCATGTTTTGCATGAGAATCGGTTTGGCCTCGGCATCCTCTTGGGGAACGTTGCTGCGCTTCATTGCGTGGTGCGGTTTTCAAGACTTTTACTTTGAGGAAATTAGAGTGTTCACGGCAGGCTATCGCCCTGAATACATTAGCATGGAATAATACTATAGGACCTCGGTTCTATTTTGTTGGTTTCTAGGACTGAGGTAATGATTAATAGGGATAATTGGGGGCACTCGTATTAACACGTCAGAGGTGGAATTCTTGGATTGTGTTACGACGAACTACTGCGAAAGCATTTGCCAAAGATGTTTTCATTGATCAAGAACGAAAGT,423
ASV197,TGGGGCCAGCACCTGCGGTAATTCCAGCTCCAATAGCGTATATTAAAGTTGTTGCAGTTAAAATGTTCGTAGTCGACTTTAGTCCTTCCATCATAATGCCGTTTTAAACGCCTATTGTGTATGAGAGGAATACGGCAGGCGTGTACCATTTTTATGGTGGCGTCCTTCCATATTACTTTGAGTGAATCGTCGTGCTCCGCACAGGCCATCGCCTTGTACGATCTACCATAGGATAAACAGATTCTAAATGCGTCGATTTTTGTTTTCGGCGGCGTATTTTACAATGATAAGAACGGCTGAGGGTATTTATATTCAACTGCCAGAGGTGAAATTCTTTGATTAGTTGAGGATAAGCTATTGCGAAAGCATCTACCAAAGTTTTTTTAATTTTGATCAAGAACGAAAGT,407
ASV198,GTGAGCCAGCAGCCGCGGTAATTCCAGCTCCAATAGCGTATATTAAAGTTGTTGCAGTTAAAATGTTCGTAGTCGACTTTAGTCCTTCCATCATAATGCCGTTTTAAACGCCTATTGTGTATGAGAGGAATACGGCAGGCGTGTACCATTTTTATGGTGGCGTCCTTCCATATTACTTTGAGTGAATCGTCGTGCTCCGCACAGGCCATCGCCTTGTACGATCTACCATAGGATAAACAGATTCTAAATGCGTCGATTTTTGTTTTCGGCGGCGTATTTTACAATGATAAGAACGGCTGAGGGTATTTATATTCAACTGCCAGAGGTGAAATTCTTTGATTAGTTGAGGATAAGCTATTGCGAAAGCATCTACCAAAGTTTTTTTAATTTTGATCAAGAACGAAAGT,407
ASV199,GGGGGCCAGCAGCCGCGGTAATTCCAGCTCCAATAGCGTATATTTAAGTTGTTGCAGTTAAAAAGCTCGTAGTTGGATTTCGGATGAATGCGACCGGTCCGCCGTTTCGGTGTGTACTGGTTACGTTTATCTTGCTGTCGGGGACGCGCTCCTGGCCTTAACTGGCTGGGACGTGGAGTCGGCGAAGTTACTTTGAAAAAATTAGAGTGTTCAAAGCAGGCCTACGCTCTGAATACATTAGCATGGAATAACGCGATAGGACTCTGGTCTTATTGTGTTGGTCTTCGAGACCGGAGTAATGATTAAGAGGGACAGTTGGGGGCATTCGTATTTCATTGTCAGAGGTGAAATTCTTAGATTTATGGAAGACGAACTTCTGCGAAAGCATTTGCCAAGGATGTTTTCATTAATCAAGAACGAAAGT,424
ASV200,TTTTTCCAGCACCTGCGGTAATTCCAGCTCCAAGAGCGTATATTAAAGTTGTTGCAGTTAAAAAGCTCGTAGTTGGATTTCTGGTTCAACGCGCCTGGCCCGCTTTATGTGAGTGCCGGTGCGCGTTTGCCATCCTTCTAGAAAACGTTTCTACCTGGGCAACTGGGCCGGACTCGCGATCTAGATCTTTTACTTTGAAAAAATTAGAGTGTTTAAAGCAGGCTTTTGCTGTGAATACATTAGCATGGAATAATAATCTAGGACTTCGGTTCTATTTTGTTGGTTTCTAGAATTGAAGTAATGATTGATAGGGATAGTTGGGGGTGCTAGTATTGGCCGGCCAGAGGTGAAATTCTTGGATTCGGTCAAGACTAACCTAAGCGAAAGCATTCACCAAGGATGTCTTCTTTAATCAAGAACGAAAGT,426
ASV201,CGTTCCCAGCACCCGCGGTAATTCCAGCTCCAATAACGTATGTTAAAGTTGTTGCAGTTAAAAAGCTCGTAGTTGTATTTCTGGGTGGTTTGGCGGCGAGCGCCGAACGGCGTGTCGACGCCGAGCCATCTTTTCGTCTATGGGCCGCGTCTGGTCTTTGTTGACTGTGGCGCGTCGCATAGGCCTTTTACTGTGAGAAAATTAGAGTGCTCAAGGCAAGCCAATGCGTTTGAATATTACAGCATGGGATAACAAAATACGACTTTCGTGCTATTTTGTTGGTTTCTAGAACGGAAGTAATGATTGATGGGGATAGTTGGGGGTGCTAGTATTTCGCGGCCAGAGGTGAAATTCATGGATTCGCGAAAGACTAACTAATGCGAAAGCATTCACCAAGGATGTTCCTTTCCATCAAGAACGAAAGT,425
ASV202,CAGCTCCAGCACCTGCGGTAATTCCAGCTCCAATAGCGTATATTAAAGTTGTTGCAGTTAAAAAGCTCGTAGTTGGACTTCTGGGAGGGTGCCAATGTCCGCCGTGTGCGTGTGCAGCGGGGCCCTTCCATCCTTCTGTTAACGTTTCTCGGTATTCGCTTACTGGTTTCGGGCTCAGATATTTTACCTTGAGAAAATTAGAGTGTTTCAGGCAGGCTTGCGCCGGAATACATTAGCATGGAATAATAGAATAGGACTTTAGTCTCCTTCGTTGGTTTGAGGGACTGAAGTAATGATTAATAGGGACAGTTGGGGGCATTAGTATTCAATTGTCAGAGGTGAAATTCTCGGATTTGTTGAAGACTAACTTATGCGAAAGCATTTGCCAAGGATGTTTTCATTAATCAAGAACGAAAGT,418
ASV203,TGGTACCAGCACCCGCGGTAATTCCAGCTCCAGTAGCGTATATTAAAGTTGTTGCAGTTAAAAAGCTCGTAGTTGGATTTCTGACTAACCCAGACGGCCCGGTTGCTCTTAGCTTCTGAGTGCTGTCTGTGCGTTTGTCATCCTTCCAGAGAGTTGTGCCTACCGCTTCCGCGGCCGGGCGCTACGATCTGGTTCTTTTACTTTGAAAAAATTAGAGTGTTTCAAGCAGACTTATGTCTTGAATACATTAGCATGGAATAATAATATAGGACTTTGGTTCTATTTTGTTGGTTTCTAGGACTGAAGTAATGATTGATAGGGATAGTTGGGGGTGCTAGTATTCAGCGGCCAGAGGTGAAATTCTTGGATTCGCTGAAGACTAACTACTGCGAAAGCATTCACCAAGGATGTCTTCTTTAATCAAGAACGAAAGT,434
ASV204,AAGGTCCAGCAGCTGCGGTAATTCCAGCTCCAGTAGTGTATACTTAAGTTGTTGCAGTTAAAAAGCTCGTAGTTGGATTCCGGTCTGTGGTTGTGCGGTGCGGGAAACCGTCTCTGCCTGCCGCGGACTTTTTGTGGGGTTCTTGTAGTGGCCTTAATCGGTTGCTGCAGGCGCCTCGCTCGTTTACCTTGAAAAAATTGGAGTGCTCAAAGCAGGTTCGCCTTTGAACATATAAGCATGGGATAATAAGATAAGGCTTTGGTCTTATTTTGTTGGTTTGCAGGGTCAAAGCAATGATTAATAGGGACAGTTGGGGGCATTAGTATTCCGTTGTCAGAGGTGAAATTCTGTGATTTGCGGAAGACTAACAACTGCGAAAGCATTTGCCAAGGATGTTCTCATTAATCAAGAACGAAAGT,419
ASV205,AATAGCCAGCACCCGCGGTAATTCCAGCTCCAATAGCGTATATTAAAGTTGTTGCAGTTAAAAAGCTCGTAGTTGGATTTCAGGGTGATAGAGAGGCAACTCTCAAAAGCCCAATACCTCGAAAGAGGTGTTACTGTGAGAAAATTAGAGTGTTTAAAGCAGGCTATTGCAGGAATACATTAGCATGGAATAACGAGTGTGTCTAGAATCTTGGTTAATTCTAGATTACGATTAATAGGGACAGTTGGGGGCATTAGTATTTAATTGTCAGAGGTGAAATTCTTGGATTTATTAAAGACTAACGTATGCGAAAGCATTTGCCAAGGATGTTTTCATTAATCAAGAACGAAAGT,353
ASV206,TTTTTCCAGCACCTGCGGTAATTCCAGCTCCAAGAGCGTATATTAAAGTTGTTGCAGTTAAAAAGCTCGTAGTTGGATTTCTGGTTCAACGCGCCTGGCCCGCTTTATGTGAGTGCCGGTGCGCGTTTGCCATCCTTCTAGAAAACGTTTCTACCTGGGCAACTGGGCCGGACTCGCGATCTAGATCTTTTACTTTGAAAAAATTAGAGTGTTTAAAGCAGGCTTTTGCTGTGAATACATTAGCATGGAATAATAATCTAGGACTTCGGTTCTATTTTGTTGGTTTCTAGAATTGAAGTAATGATTGATAGGGATAGTTGGGGGTGCTAGTATTGGCCGGCCAGAGGTGAAATTCTTGGATTCGGTCAAGACTAACTCATGCGAAAGCATTCACCAAGGATGTCTTCTTTAATCAAGAACGAAAGT,426
ASV207,CAAGGCCAGCACCCGCGGTAATTCCAGCTCCAATAGCGTATATTAAAGTTGTTGCAGTTAAAAAGCTCGTAGTCGAATTTTGGGTACAGAAGGCGGGTCTGCCGTAAGGTATGCACTCGTCCGCTGAACCTTCCTTCTGGGGACCAGCGTGTCATTCATTTGGTGCGTTGGATAACCAGGACTTTTACTGTGAAAAAATTAGAGTGTTTAAGGCAGGCTTTTAGCTTGAATATATTAGCATGGAATAATAAAATAGGACTTTGGTTCTATTTTGTTGGTTTCTAGGACCAGAGTAATGATTAATAGGGATAGTTGGGGGCATTAGTATTGAGCTGTCAGAGGTGAAATTCTTGGATTTGCTCAAGACTAACAACTGCGAAAGCATTTGCCAAGGATGTTTTCATTGATCAAGAACGAAAGT,421
ASV208,GTGAGCCAGCAGCCGCGGTAATTCCAGCTCCAATAGCGTATATTAAAGTTGTTGCAGTTAAAATGTTCGTAGTCGACTTTAGTCCTTCCATCATAATGCCGTTTTAAACGCCTATTGTGTATGAGAGGAATACGGCAGGCGTGTACCATTTTTATGGTGGCGTCCTTCCATATTACTTTGAGTGAATCGTCGTGCTCCGCACAGGCCATCGCCTTGTACGATCTACCATAGGATAAACAGATTCTAAATGCGTCGATTTTACAATGATAAGAACGGCTGAGGGTATTTATATTCAACTGCCAGAGGTGAAATTCTTTGATTAGTTGAGGATAAGCTATTGCGAAAGCATCTACCAAAGACGTTTCTTTTGATCAAGAACGAAAGT,385
ASV209,AAGGTCCAGCAGCCGCGGTAATTCCAGCTCCAGTAGCGTATATTAAAGTTGTTGCAGTTAAAAAGCTCGTAGTTGGATTTCTGGCTGACCGCGTATGGTCCGACGCCCTCAGGGTGTTGTGTACCGTCGCGCGTTTGCCATCCTTCCGGAAAGCTGTGCCTACCGTCTCGCACGGAAGGGCGCTGCGATCTGGATCGTTTACTTTGAAAAAATTAGAGTGTTCCAAGCAAGCATCTGCTTGAATACATTAGCATGGAATAATAATATAGGACTTCTGTTCTATTTTGTTGGTTTCTAGAACCGAAGTAATGATTGATAGGGATCGTTGGGGGTGCTAGTATTCAGCGGCCAGAGGTGAAATTCTTACTAATGCGAAAGCATTCACCAAGGAGGTCTTCTTTAATCAAGAACGAAAGT,417
ASV210,TTGTACCAGCACCCGCGGTAATTCCAGCTCCAATAGCGTATATTAAAGTTGTTGCAGTTAAAAAGCTCGTAGTTGGATTTCTGATATTTCATTCTGCCCATCTTGTCCGCCAAGTGTGGATGTTGGGTCTGGAATGATTGTCATCCTCGCCTATTTAAATTTGATATGTGCATTGGGGAACCTTTGTTTTCGTGTCAAATGGGCGTCATTTACTGTGAAAAAATTAGAGTGTTCAAAGCAAGTTTATTTTAATCTTGAATACATTAGCATGGAATAATAAGATAGGACTTTGGTACTATTTTGTTGGTTTGCATACCTTAGTAATGATTAACAGGAACATATTGGGGATATCTGTATTTTTTAGTCAGAGGTGAAATTCTTGGATTTAAGAAAGACAAACTACAGCGAAAGCATTTATCAAGGATGTTTTCATTGATCAAGAACGAAAGT,450
ASV211,TGGGGCCAGCACCTGCGGTAATTCCAGCTCCAATAGCGTATATTAAAGTTGTTGCAGTTAAAATGTTCGTAGTCGACTTTAGTCCTTCCATCATAATGCCGTTTTAAACGCCTATTGTGTATGAGAGGAATACGGCAGGCGTGTACCATTTTTATGGTGGCGTCCTTCCATATTACTTTGAGTGAATCGTCGTGCTCCGCACAGGCCATCGCCTTGTACGATCTACCATAGGATAAACAGATTCTAAATGCGTCGATTTTACAATGATAAGAACGGCTGAGGGTATTTATATTCAACTGCCAGAGGTGAAATTCTTTGATTAGTTGAGGATAAGCTATTGCGAAAGCATCTACCAAAGACGTTTCTTTTGATCAAGAACGAAAGT,385
